id_penjualan,id_invoice,tanggal,id_customer,id_barang,jumlah_barang,harga,customer,id_cabang_sales,cabang_sales,id_distributor,grup,barang,kemasan,nama_tipe,kode_lini,lini,total_sales
IN5997BRG0001,IN5997,2020-01-22,CUST55380,BRG0001,1,1170,"APOTEK TAPAK",CAB01,Aceh,TD,Apotek,"ACYCLOVIR DUS",DUS,"Produk jadi",206,"OGB & PH",1170
IN6297BRG0002,IN6297,2020-01-22,CUST55381,BRG0002,5,2338,"APOTEK MAJA",CAB02,Kuningan,TD,Apotek,"ALERGINE TABLET SALUT",DUS,"Produk jadi",203,ETIKAL,11690
IN6155BRG0003,IN6155,2021-01-22,CUST55382,BRG0003,9,10691,"KLINIK GM",CAB03,Jakarta,TA,Klinik,AMPICILLIN,BOTOL,"Produk jadi",210,MARCKS,96219
IN6144BRG0004,IN6144,2022-01-22,CUST55383,BRG0004,13,8701,"APOTEK MERDEKA",CAB04,Bandung,EPM,Apotek,"TRAMADOL KAPSUL 50 MG",KAPSUL,"Produk jadi",201,VNS,113113
IN6280BRG0005,IN6280,2023-01-22,CUST55384,BRG0005,1,5648,"KLINIK SAHABAT",CAB05,Tangerang,TD,Klinik,"KLORPROMAZINA TABLET SALUT SELAPUT 100 MG",TABLET,"Produk jadi",203,SLCYL,5648
IN6052BRG0006,IN6052,2023-01-22,CUST55385,BRG0006,5,2819,"APOTEK SINAR JAYA",CAB06,Bekasi,TA,Apotek,"KETOCONAZOLE TABLET 200 MG",TABLET,"Produk jadi",205,"OGB & PH",14095
IN6089BRG0007,IN6089,2025-01-22,CUST55386,BRG0007,9,4592,"APOTEK SAHABAT",CAB07,Padang,EPM,Apotek,"ERGOTAMINE COFFEINE",BOTOL,"Produk jadi",206,ETIKAL,41328
IN6251BRG0008,IN6251,2023-01-22,CUST55387,BRG0008,1,3992,"APOTEK TAPAK",CAB01,Aceh,TD,Apotek,"TETRACYCLINE KAPSUL 250 MG",KAPSUL,"Produk jadi",204,MARCKS,3992
IN6036BRG0009,IN6036,2027-01-22,CUST55388,BRG0009,23,5781,"APOTEK MAJA",CAB02,Kuningan,TA,Apotek,"AMBROXOL HC",BOTOL,"Produk jadi",207,VNS,132963
IN6029BRG0010,IN6029,2028-01-22,CUST55389,BRG0010,4,6940,"KLINIK GM",CAB03,Jakarta,EPM,Klinik,PARACETAMOL,BOTOL,"Produk jadi",208,SLCYL,27760
IN6190BRG0001,IN6190,2023-01-22,CUST55390,BRG0001,2,1170,"APOTEK MERDEKA",CAB04,Bandung,TD,Apotek,"ACYCLOVIR DUS",DUS,"Produk jadi",206,"OGB & PH",2340
IN6287BRG0002,IN6287,2030-01-22,CUST55391,BRG0002,17,2338,"KLINIK SAHABAT",CAB05,Tangerang,TD,Klinik,"ALERGINE TABLET SALUT",DUS,"Produk jadi",203,ETIKAL,39746
IN6102BRG0003,IN6102,2031-01-22,CUST55392,BRG0003,11,10691,"APOTEK SINAR JAYA",CAB06,Bekasi,TA,Apotek,AMPICILLIN,BOTOL,"Produk jadi",210,MARCKS,117601
IN6301BRG0004,IN6301,2001-02-22,CUST55393,BRG0004,12,8701,"APOTEK SAHABAT",CAB07,Padang,EPM,Apotek,"TRAMADOL KAPSUL 50 MG",KAPSUL,"Produk jadi",201,VNS,104412
IN6024BRG0005,IN6024,2027-01-22,CUST55394,BRG0005,12,5648,"KLINIK DR. ANDRI",CAB08,Lampung,TD,Klinik,"KLORPROMAZINA TABLET SALUT SELAPUT 100 MG",TABLET,"Produk jadi",203,SLCYL,67776
IN6184BRG0006,IN6184,2028-01-22,CUST55395,BRG0006,25,2819,"APOTEK TAPAK",CAB01,Aceh,TA,Apotek,"KETOCONAZOLE TABLET 200 MG",TABLET,"Produk jadi",205,"OGB & PH",70475
IN6307BRG0007,IN6307,2023-01-22,CUST55396,BRG0007,14,4592,"APOTEK MAJA",CAB02,Kuningan,EPM,Apotek,"ERGOTAMINE COFFEINE",BOTOL,"Produk jadi",206,ETIKAL,64288
IN6245BRG0008,IN6245,2030-01-22,CUST55397,BRG0008,34,3992,"KLINIK GM",CAB03,Jakarta,TD,Klinik,"TETRACYCLINE KAPSUL 250 MG",KAPSUL,"Produk jadi",204,MARCKS,135728
IN6195BRG0009,IN6195,2031-01-22,CUST55398,BRG0009,67,5781,"APOTEK MERDEKA",CAB04,Bandung,TA,Apotek,"AMBROXOL HC",BOTOL,"Produk jadi",207,VNS,387327
IN6023BRG0010,IN6023,2001-02-22,CUST55399,BRG0010,15,6940,"KLINIK SAHABAT",CAB05,Tangerang,EPM,Klinik,PARACETAMOL,BOTOL,"Produk jadi",208,SLCYL,104100
IN6113BRG0001,IN6113,2027-01-22,CUST55400,BRG0001,12,1170,"APOTEK SINAR JAYA",CAB06,Bekasi,TD,Apotek,"ACYCLOVIR DUS",DUS,"Produk jadi",206,"OGB & PH",14040
IN6141BRG0002,IN6141,2028-01-22,CUST55401,BRG0002,25,2338,"APOTEK SAHABAT",CAB07,Padang,TD,Apotek,"ALERGINE TABLET SALUT",DUS,"Produk jadi",203,ETIKAL,58450
IN6125BRG0003,IN6125,2023-01-22,CUST55402,BRG0003,14,10691,"APOTEK TAPAK",CAB01,Aceh,TA,Apotek,AMPICILLIN,BOTOL,"Produk jadi",210,MARCKS,149674
IN6176BRG0004,IN6176,2030-01-22,CUST55403,BRG0004,18,8701,"APOTEK MAJA",CAB02,Kuningan,EPM,Apotek,"TRAMADOL KAPSUL 50 MG",KAPSUL,"Produk jadi",201,VNS,156618
IN6175BRG0005,IN6175,2031-01-22,CUST55404,BRG0005,18,5648,"KLINIK GM",CAB03,Jakarta,TD,Klinik,"KLORPROMAZINA TABLET SALUT SELAPUT 100 MG",TABLET,"Produk jadi",203,SLCYL,101664
IN6259BRG0006,IN6259,2001-02-22,CUST55405,BRG0006,19,2819,"APOTEK MERDEKA",CAB04,Bandung,TA,Apotek,"KETOCONAZOLE TABLET 200 MG",TABLET,"Produk jadi",205,"OGB & PH",53561
IN6173BRG0001,IN6173,2027-01-22,CUST55406,BRG0001,12,4592,"KLINIK SAHABAT",CAB05,Tangerang,EPM,Klinik,"ACYCLOVIR DUS",DUS,"Produk jadi",206,"OGB & PH",55104
IN6013BRG0002,IN6013,2028-01-22,CUST55407,BRG0002,25,3992,"APOTEK SINAR JAYA",CAB06,Bekasi,TD,Apotek,"ALERGINE TABLET SALUT",DUS,"Produk jadi",203,ETIKAL,99800
IN6086BRG0003,IN6086,2023-01-22,CUST55408,BRG0003,14,5781,"APOTEK SAHABAT",CAB07,Padang,TD,Apotek,AMPICILLIN,BOTOL,"Produk jadi",210,MARCKS,80934
IN6108BRG0004,IN6108,2030-01-22,CUST55409,BRG0004,21,6940,"KLINIK DR. ANDRI",CAB08,Lampung,TA,Klinik,"TRAMADOL KAPSUL 50 MG",KAPSUL,"Produk jadi",201,VNS,145740
IN6321BRG0001,IN6321,2031-01-22,CUST55410,BRG0001,22,1170,"APOTEK TAPAK",CAB01,Aceh,EPM,Apotek,"ACYCLOVIR DUS",DUS,"Produk jadi",206,"OGB & PH",25740
IN5994BRG0002,IN5994,2001-02-22,CUST55411,BRG0002,12,2338,"APOTEK MAJA",CAB02,Kuningan,TD,Apotek,"ALERGINE TABLET SALUT",DUS,"Produk jadi",203,ETIKAL,28056
IN6146BRG0003,IN6146,2027-01-22,CUST55412,BRG0003,25,10691,"KLINIK GM",CAB03,Jakarta,TA,Klinik,AMPICILLIN,BOTOL,"Produk jadi",210,MARCKS,267275
IN6230BRG0004,IN6230,2028-01-22,CUST55413,BRG0004,14,8701,"APOTEK MERDEKA",CAB04,Bandung,EPM,Apotek,"TRAMADOL KAPSUL 50 MG",KAPSUL,"Produk jadi",201,VNS,121814
IN5991BRG0005,IN5991,2023-01-22,CUST55414,BRG0005,24,5648,"KLINIK SAHABAT",CAB05,Tangerang,TD,Klinik,"KLORPROMAZINA TABLET SALUT SELAPUT 100 MG",TABLET,"Produk jadi",203,SLCYL,135552
IN6281BRG0006,IN6281,2030-01-22,CUST55415,BRG0006,10,2819,"APOTEK SINAR JAYA",CAB06,Bekasi,TA,Apotek,"KETOCONAZOLE TABLET 200 MG",TABLET,"Produk jadi",205,"OGB & PH",28190
IN6226BRG0007,IN6226,2031-01-22,CUST55416,BRG0007,23,4592,"APOTEK SAHABAT",CAB07,Padang,EPM,Apotek,"ERGOTAMINE COFFEINE",BOTOL,"Produk jadi",206,ETIKAL,105616
IN6063BRG0008,IN6063,2001-02-22,CUST55417,BRG0008,12,3992,"APOTEK TAPAK",CAB01,Aceh,TD,Apotek,"TETRACYCLINE KAPSUL 250 MG",KAPSUL,"Produk jadi",204,MARCKS,47904
IN6131BRG0009,IN6131,2027-01-22,CUST55418,BRG0009,10,5781,"APOTEK MAJA",CAB02,Kuningan,TD,Apotek,"AMBROXOL HC",BOTOL,"Produk jadi",207,VNS,57810
IN6262BRG0010,IN6262,2028-01-22,CUST55419,BRG0010,67,6940,"KLINIK GM",CAB03,Jakarta,TA,Klinik,PARACETAMOL,BOTOL,"Produk jadi",208,SLCYL,464980
IN6028BRG0001,IN6028,2023-01-22,CUST55420,BRG0001,98,1170,"APOTEK MERDEKA",CAB04,Bandung,EPM,Apotek,"ACYCLOVIR DUS",DUS,"Produk jadi",206,"OGB & PH",114660
IN6163BRG0002,IN6163,2030-01-22,CUST55421,BRG0002,5,2338,"KLINIK SAHABAT",CAB05,Tangerang,TD,Klinik,"ALERGINE TABLET SALUT",DUS,"Produk jadi",203,ETIKAL,11690
IN6191BRG0003,IN6191,2031-01-22,CUST55422,BRG0003,4,10691,"APOTEK SINAR JAYA",CAB06,Bekasi,TA,Apotek,AMPICILLIN,BOTOL,"Produk jadi",210,MARCKS,42764
IN6274BRG0004,IN6274,2001-02-22,CUST55423,BRG0004,8,8701,"APOTEK SAHABAT",CAB07,Padang,EPM,Apotek,"TRAMADOL KAPSUL 50 MG",KAPSUL,"Produk jadi",201,VNS,69608
IN6003BRG0005,IN6003,2027-01-22,CUST55424,BRG0005,9,5648,"KLINIK DR. ANDRI",CAB08,Lampung,TD,Klinik,"KLORPROMAZINA TABLET SALUT SELAPUT 100 MG",TABLET,"Produk jadi",203,SLCYL,50832
IN6247BRG0006,IN6247,2028-01-22,CUST55425,BRG0006,10,2819,"APOTEK TAPAK",CAB01,Aceh,TA,Apotek,"KETOCONAZOLE TABLET 200 MG",TABLET,"Produk jadi",205,"OGB & PH",28190
IN6311BRG0007,IN6311,2023-01-22,CUST55426,BRG0007,7,4592,"APOTEK MAJA",CAB02,Kuningan,EPM,Apotek,"ERGOTAMINE COFFEINE",BOTOL,"Produk jadi",206,ETIKAL,32144
IN6248BRG0008,IN6248,2030-01-22,CUST55427,BRG0008,100,3992,"KLINIK GM",CAB03,Jakarta,TD,Klinik,"TETRACYCLINE KAPSUL 250 MG",KAPSUL,"Produk jadi",204,MARCKS,399200
IN6042BRG0009,IN6042,2031-01-22,CUST55428,BRG0009,67,5781,"APOTEK MERDEKA",CAB04,Bandung,TD,Apotek,"AMBROXOL HC",BOTOL,"Produk jadi",207,VNS,387327
IN6133BRG0010,IN6133,2001-02-22,CUST55429,BRG0010,78,6940,"KLINIK SAHABAT",CAB05,Tangerang,TA,Klinik,PARACETAMOL,BOTOL,"Produk jadi",208,SLCYL,541320
IN6306BRG0001,IN6306,2027-01-22,CUST55430,BRG0001,45,1170,"APOTEK SINAR JAYA",CAB06,Bekasi,EPM,Apotek,"ACYCLOVIR DUS",DUS,"Produk jadi",206,"OGB & PH",52650
IN6253BRG0002,IN6253,2028-01-22,CUST55431,BRG0002,34,2338,"APOTEK SAHABAT",CAB07,Padang,TD,Apotek,"ALERGINE TABLET SALUT",DUS,"Produk jadi",203,ETIKAL,79492
IN5980BRG0003,IN5980,2023-01-22,CUST55432,BRG0003,20,10691,"APOTEK TAPAK",CAB01,Aceh,TA,Apotek,AMPICILLIN,BOTOL,"Produk jadi",210,MARCKS,213820
IN6104BRG0004,IN6104,2030-01-22,CUST55433,BRG0004,45,8701,"APOTEK MAJA",CAB02,Kuningan,EPM,Apotek,"TRAMADOL KAPSUL 50 MG",KAPSUL,"Produk jadi",201,VNS,391545
IN6050BRG0005,IN6050,2031-01-22,CUST55434,BRG0005,34,5648,"KLINIK GM",CAB03,Jakarta,TD,Klinik,"KLORPROMAZINA TABLET SALUT SELAPUT 100 MG",TABLET,"Produk jadi",203,SLCYL,192032
IN6054BRG0006,IN6054,2001-02-22,CUST55435,BRG0006,34,2819,"APOTEK MERDEKA",CAB04,Bandung,TD,Apotek,"KETOCONAZOLE TABLET 200 MG",TABLET,"Produk jadi",205,"OGB & PH",95846
IN6219BRG0001,IN6219,2027-01-22,CUST55436,BRG0001,34,4592,"KLINIK SAHABAT",CAB05,Tangerang,TA,Klinik,"ACYCLOVIR DUS",DUS,"Produk jadi",206,"OGB & PH",156128
IN6053BRG0002,IN6053,2028-01-22,CUST55437,BRG0002,44,3992,"APOTEK SINAR JAYA",CAB06,Bekasi,EPM,Apotek,"ALERGINE TABLET SALUT",DUS,"Produk jadi",203,ETIKAL,175648
IN6217BRG0003,IN6217,2023-01-22,CUST55438,BRG0003,5,5781,"APOTEK SAHABAT",CAB07,Padang,TD,Apotek,AMPICILLIN,BOTOL,"Produk jadi",210,MARCKS,28905
IN6323BRG0004,IN6323,2030-01-22,CUST55439,BRG0004,6,6940,"KLINIK DR. ANDRI",CAB08,Lampung,TA,Klinik,"TRAMADOL KAPSUL 50 MG",KAPSUL,"Produk jadi",201,VNS,41640
IN6241BRG0001,IN6241,2031-01-22,CUST55440,BRG0001,79,1170,"APOTEK TAPAK",CAB01,Aceh,EPM,Apotek,"ACYCLOVIR DUS",DUS,"Produk jadi",206,"OGB & PH",92430
IN6134BRG0002,IN6134,2001-02-22,CUST55441,BRG0002,12,2338,"APOTEK MAJA",CAB02,Kuningan,TD,Apotek,"ALERGINE TABLET SALUT",DUS,"Produk jadi",203,ETIKAL,28056
IN6124BRG0003,IN6124,2027-01-22,CUST55442,BRG0003,95,10691,"KLINIK GM",CAB03,Jakarta,TA,Klinik,AMPICILLIN,BOTOL,"Produk jadi",210,MARCKS,1015645
IN5981BRG0004,IN5981,2028-01-22,CUST55443,BRG0004,76,8701,"APOTEK MERDEKA",CAB04,Bandung,EPM,Apotek,"TRAMADOL KAPSUL 50 MG",KAPSUL,"Produk jadi",201,VNS,661276
IN6220BRG0005,IN6220,2023-01-22,CUST55444,BRG0005,48,5648,"KLINIK SAHABAT",CAB05,Tangerang,TD,Klinik,"KLORPROMAZINA TABLET SALUT SELAPUT 100 MG",TABLET,"Produk jadi",203,SLCYL,271104
IN6122BRG0006,IN6122,2030-01-22,CUST55445,BRG0006,21,2819,"APOTEK SINAR JAYA",CAB06,Bekasi,TD,Apotek,"KETOCONAZOLE TABLET 200 MG",TABLET,"Produk jadi",205,"OGB & PH",59199
IN6255BRG0007,IN6255,2031-01-22,CUST55446,BRG0007,22,4592,"APOTEK SAHABAT",CAB07,Padang,TA,Apotek,"ERGOTAMINE COFFEINE",BOTOL,"Produk jadi",206,ETIKAL,101024
IN6005BRG0008,IN6005,2001-02-22,CUST55447,BRG0008,12,3992,"APOTEK TAPAK",CAB01,Aceh,EPM,Apotek,"TETRACYCLINE KAPSUL 250 MG",KAPSUL,"Produk jadi",204,MARCKS,47904
IN6327BRG0009,IN6327,2027-01-22,CUST55448,BRG0009,25,5781,"APOTEK MAJA",CAB02,Kuningan,TD,Apotek,"AMBROXOL HC",BOTOL,"Produk jadi",207,VNS,144525
IN6119BRG0010,IN6119,2028-01-22,CUST55449,BRG0010,14,6940,"KLINIK GM",CAB03,Jakarta,TA,Klinik,PARACETAMOL,BOTOL,"Produk jadi",208,SLCYL,97160
IN6233BRG0001,IN6233,2023-01-22,CUST55450,BRG0001,24,1170,"APOTEK MERDEKA",CAB04,Bandung,EPM,Apotek,"ACYCLOVIR DUS",DUS,"Produk jadi",206,"OGB & PH",28080
IN6235BRG0002,IN6235,2030-01-22,CUST55451,BRG0002,10,2338,"KLINIK SAHABAT",CAB05,Tangerang,TD,Klinik,"ALERGINE TABLET SALUT",DUS,"Produk jadi",203,ETIKAL,23380
IN6263BRG0003,IN6263,2031-01-22,CUST55452,BRG0003,130,10691,"APOTEK SINAR JAYA",CAB06,Bekasi,TA,Apotek,AMPICILLIN,BOTOL,"Produk jadi",210,MARCKS,1389830
IN6269BRG0004,IN6269,2001-02-22,CUST55453,BRG0004,12,8701,"APOTEK SAHABAT",CAB07,Padang,EPM,Apotek,"TRAMADOL KAPSUL 50 MG",KAPSUL,"Produk jadi",201,VNS,104412
IN6188BRG0005,IN6188,2027-01-22,CUST55454,BRG0005,10,5648,"KLINIK DR. ANDRI",CAB08,Lampung,TD,Klinik,"KLORPROMAZINA TABLET SALUT SELAPUT 100 MG",TABLET,"Produk jadi",203,SLCYL,56480
IN6116BRG0006,IN6116,2028-01-22,CUST55455,BRG0006,67,2819,"APOTEK TAPAK",CAB01,Aceh,TD,Apotek,"KETOCONAZOLE TABLET 200 MG",TABLET,"Produk jadi",205,"OGB & PH",188873
IN6216BRG0007,IN6216,2023-01-22,CUST55456,BRG0007,98,4592,"APOTEK MAJA",CAB02,Kuningan,TA,Apotek,"ERGOTAMINE COFFEINE",BOTOL,"Produk jadi",206,ETIKAL,450016
IN6099BRG0008,IN6099,2030-01-22,CUST55457,BRG0008,5,3992,"KLINIK GM",CAB03,Jakarta,EPM,Klinik,"TETRACYCLINE KAPSUL 250 MG",KAPSUL,"Produk jadi",204,MARCKS,19960
IN6326BRG0009,IN6326,2031-01-22,CUST55458,BRG0009,4,5781,"APOTEK MERDEKA",CAB04,Bandung,TD,Apotek,"AMBROXOL HC",BOTOL,"Produk jadi",207,VNS,23124
IN6267BRG0010,IN6267,2001-02-22,CUST55459,BRG0010,8,6940,"KLINIK SAHABAT",CAB05,Tangerang,TA,Klinik,PARACETAMOL,BOTOL,"Produk jadi",208,SLCYL,55520
IN6238BRG0001,IN6238,2027-01-22,CUST55460,BRG0001,9,1170,"APOTEK SINAR JAYA",CAB06,Bekasi,EPM,Apotek,"ACYCLOVIR DUS",DUS,"Produk jadi",206,"OGB & PH",10530
IN6214BRG0002,IN6214,2028-01-22,CUST55461,BRG0002,21,2338,"APOTEK SAHABAT",CAB07,Padang,TD,Apotek,"ALERGINE TABLET SALUT",DUS,"Produk jadi",203,ETIKAL,49098
IN6318BRG0003,IN6318,2023-01-22,CUST55462,BRG0003,22,10691,"APOTEK TAPAK",CAB01,Aceh,TD,Apotek,AMPICILLIN,BOTOL,"Produk jadi",210,MARCKS,235202
IN6256BRG0004,IN6256,2030-01-22,CUST55463,BRG0004,12,8701,"APOTEK MAJA",CAB02,Kuningan,TA,Apotek,"TRAMADOL KAPSUL 50 MG",KAPSUL,"Produk jadi",201,VNS,104412
IN6048BRG0005,IN6048,2031-01-22,CUST55464,BRG0005,25,5648,"KLINIK GM",CAB03,Jakarta,EPM,Klinik,"KLORPROMAZINA TABLET SALUT SELAPUT 100 MG",TABLET,"Produk jadi",203,SLCYL,141200
IN6120BRG0006,IN6120,2001-02-22,CUST55465,BRG0006,14,2819,"APOTEK MERDEKA",CAB04,Bandung,TD,Apotek,"KETOCONAZOLE TABLET 200 MG",TABLET,"Produk jadi",205,"OGB & PH",39466
IN6161BRG0001,IN6161,2027-01-22,CUST55466,BRG0001,24,4592,"KLINIK SAHABAT",CAB05,Tangerang,TA,Klinik,"ACYCLOVIR DUS",DUS,"Produk jadi",206,"OGB & PH",110208
IN6292BRG0002,IN6292,2028-01-22,CUST55467,BRG0002,10,3992,"APOTEK SINAR JAYA",CAB06,Bekasi,EPM,Apotek,"ALERGINE TABLET SALUT",DUS,"Produk jadi",203,ETIKAL,39920
IN6286BRG0003,IN6286,2023-01-22,CUST55468,BRG0003,120,5781,"APOTEK SAHABAT",CAB07,Padang,TD,Apotek,AMPICILLIN,BOTOL,"Produk jadi",210,MARCKS,693720
IN6008BRG0004,IN6008,2030-01-22,CUST55469,BRG0004,12,6940,"KLINIK DR. ANDRI",CAB08,Lampung,TA,Klinik,"TRAMADOL KAPSUL 50 MG",KAPSUL,"Produk jadi",201,VNS,83280
IN6040BRG0001,IN6040,2031-01-22,CUST55470,BRG0001,10,1170,"APOTEK TAPAK",CAB01,Aceh,EPM,Apotek,"ACYCLOVIR DUS",DUS,"Produk jadi",206,"OGB & PH",11700
IN6084BRG0002,IN6084,2001-02-22,CUST55471,BRG0002,67,2338,"APOTEK MAJA",CAB02,Kuningan,TD,Apotek,"ALERGINE TABLET SALUT",DUS,"Produk jadi",203,ETIKAL,156646
IN6074BRG0003,IN6074,2027-01-22,CUST55472,BRG0003,98,10691,"KLINIK GM",CAB03,Jakarta,TD,Klinik,AMPICILLIN,BOTOL,"Produk jadi",210,MARCKS,1047718
IN6200BRG0004,IN6200,2028-01-22,CUST55473,BRG0004,5,8701,"APOTEK MERDEKA",CAB04,Bandung,TA,Apotek,"TRAMADOL KAPSUL 50 MG",KAPSUL,"Produk jadi",201,VNS,43505
IN6065BRG0005,IN6065,2023-01-22,CUST55474,BRG0005,4,5648,"KLINIK SAHABAT",CAB05,Tangerang,EPM,Klinik,"KLORPROMAZINA TABLET SALUT SELAPUT 100 MG",TABLET,"Produk jadi",203,SLCYL,22592
IN6208BRG0006,IN6208,2030-01-22,CUST55475,BRG0006,8,2819,"APOTEK SINAR JAYA",CAB06,Bekasi,TD,Apotek,"KETOCONAZOLE TABLET 200 MG",TABLET,"Produk jadi",205,"OGB & PH",22552
IN6148BRG0007,IN6148,2031-01-22,CUST55476,BRG0007,9,4592,"APOTEK SAHABAT",CAB07,Padang,TA,Apotek,"ERGOTAMINE COFFEINE",BOTOL,"Produk jadi",206,ETIKAL,41328
IN6072BRG0008,IN6072,2001-02-22,CUST55477,BRG0008,1,3992,"APOTEK TAPAK",CAB01,Aceh,EPM,Apotek,"TETRACYCLINE KAPSUL 250 MG",KAPSUL,"Produk jadi",204,MARCKS,3992
IN6095BRG0009,IN6095,2027-01-22,CUST55478,BRG0009,5,5781,"APOTEK MAJA",CAB02,Kuningan,TD,Apotek,"AMBROXOL HC",BOTOL,"Produk jadi",207,VNS,28905
IN6049BRG0010,IN6049,2028-01-22,CUST55479,BRG0010,9,6940,"KLINIK GM",CAB03,Jakarta,TA,Klinik,PARACETAMOL,BOTOL,"Produk jadi",208,SLCYL,62460
IN6039BRG0001,IN6039,2023-01-22,CUST55480,BRG0001,13,1170,"APOTEK MERDEKA",CAB04,Bandung,EPM,Apotek,"ACYCLOVIR DUS",DUS,"Produk jadi",206,"OGB & PH",15210
IN6276BRG0002,IN6276,2030-01-22,CUST55481,BRG0002,1,2338,"KLINIK SAHABAT",CAB05,Tangerang,TD,Klinik,"ALERGINE TABLET SALUT",DUS,"Produk jadi",203,ETIKAL,2338
IN6015BRG0003,IN6015,2031-01-22,CUST55482,BRG0003,5,10691,"APOTEK SINAR JAYA",CAB06,Bekasi,TD,Apotek,AMPICILLIN,BOTOL,"Produk jadi",210,MARCKS,53455
IN6185BRG0004,IN6185,2001-02-22,CUST55483,BRG0004,9,8701,"APOTEK SAHABAT",CAB07,Padang,TA,Apotek,"TRAMADOL KAPSUL 50 MG",KAPSUL,"Produk jadi",201,VNS,78309
IN6258BRG0005,IN6258,2027-01-22,CUST55484,BRG0005,1,5648,"KLINIK DR. ANDRI",CAB08,Lampung,EPM,Klinik,"KLORPROMAZINA TABLET SALUT SELAPUT 100 MG",TABLET,"Produk jadi",203,SLCYL,5648
IN6070BRG0006,IN6070,2028-01-22,CUST55485,BRG0006,23,2819,"APOTEK TAPAK",CAB01,Aceh,TD,Apotek,"KETOCONAZOLE TABLET 200 MG",TABLET,"Produk jadi",205,"OGB & PH",64837
IN6210BRG0007,IN6210,2023-01-22,CUST55486,BRG0007,4,4592,"APOTEK MAJA",CAB02,Kuningan,TA,Apotek,"ERGOTAMINE COFFEINE",BOTOL,"Produk jadi",206,ETIKAL,18368
IN6083BRG0008,IN6083,2030-01-22,CUST55487,BRG0008,2,3992,"KLINIK GM",CAB03,Jakarta,EPM,Klinik,"TETRACYCLINE KAPSUL 250 MG",KAPSUL,"Produk jadi",204,MARCKS,7984
IN6322BRG0009,IN6322,2031-01-22,CUST55488,BRG0009,17,5781,"APOTEK MERDEKA",CAB04,Bandung,TD,Apotek,"AMBROXOL HC",BOTOL,"Produk jadi",207,VNS,98277
IN6291BRG0010,IN6291,2001-02-22,CUST55489,BRG0010,11,6940,"KLINIK SAHABAT",CAB05,Tangerang,TD,Klinik,PARACETAMOL,BOTOL,"Produk jadi",208,SLCYL,76340
IN6062BRG0001,IN6062,2027-01-22,CUST55490,BRG0001,12,1170,"APOTEK SINAR JAYA",CAB06,Bekasi,TA,Apotek,"ACYCLOVIR DUS",DUS,"Produk jadi",206,"OGB & PH",14040
IN6167BRG0002,IN6167,2028-01-22,CUST55491,BRG0002,12,2338,"APOTEK SAHABAT",CAB07,Padang,EPM,Apotek,"ALERGINE TABLET SALUT",DUS,"Produk jadi",203,ETIKAL,28056
IN6289BRG0003,IN6289,2023-01-22,CUST55492,BRG0003,25,10691,"APOTEK TAPAK",CAB01,Aceh,TD,Apotek,AMPICILLIN,BOTOL,"Produk jadi",210,MARCKS,267275
IN6305BRG0004,IN6305,2030-01-22,CUST55493,BRG0004,14,8701,"APOTEK MAJA",CAB02,Kuningan,TA,Apotek,"TRAMADOL KAPSUL 50 MG",KAPSUL,"Produk jadi",201,VNS,121814
IN6079BRG0005,IN6079,2031-01-22,CUST55494,BRG0005,34,5648,"KLINIK GM",CAB03,Jakarta,EPM,Klinik,"KLORPROMAZINA TABLET SALUT SELAPUT 100 MG",TABLET,"Produk jadi",203,SLCYL,192032
IN6320BRG0006,IN6320,2001-02-22,CUST55495,BRG0006,67,2819,"APOTEK MERDEKA",CAB04,Bandung,TD,Apotek,"KETOCONAZOLE TABLET 200 MG",TABLET,"Produk jadi",205,"OGB & PH",188873
IN6103BRG0001,IN6103,2027-01-22,CUST55496,BRG0001,15,4592,"KLINIK SAHABAT",CAB05,Tangerang,TA,Klinik,"ACYCLOVIR DUS",DUS,"Produk jadi",206,"OGB & PH",68880
IN6172BRG0002,IN6172,2028-01-22,CUST55497,BRG0002,12,3992,"APOTEK SINAR JAYA",CAB06,Bekasi,EPM,Apotek,"ALERGINE TABLET SALUT",DUS,"Produk jadi",203,ETIKAL,47904
IN6183BRG0003,IN6183,2023-01-22,CUST55498,BRG0003,25,5781,"APOTEK SAHABAT",CAB07,Padang,TD,Apotek,AMPICILLIN,BOTOL,"Produk jadi",210,MARCKS,144525
IN6278BRG0004,IN6278,2030-01-22,CUST55499,BRG0004,14,6940,"KLINIK DR. ANDRI",CAB08,Lampung,TD,Klinik,"TRAMADOL KAPSUL 50 MG",KAPSUL,"Produk jadi",201,VNS,97160
IN6186BRG0001,IN6186,2031-01-22,CUST55500,BRG0001,18,1170,"APOTEK TAPAK",CAB01,Aceh,TA,Apotek,"ACYCLOVIR DUS",DUS,"Produk jadi",206,"OGB & PH",21060
IN6211BRG0002,IN6211,2001-02-22,CUST55501,BRG0002,18,2338,"APOTEK MAJA",CAB02,Kuningan,EPM,Apotek,"ALERGINE TABLET SALUT",DUS,"Produk jadi",203,ETIKAL,42084
IN6118BRG0003,IN6118,2027-01-22,CUST55502,BRG0003,19,10691,"KLINIK GM",CAB03,Jakarta,TD,Klinik,AMPICILLIN,BOTOL,"Produk jadi",210,MARCKS,203129
IN6162BRG0004,IN6162,2028-01-22,CUST55503,BRG0004,12,8701,"APOTEK MERDEKA",CAB04,Bandung,TA,Apotek,"TRAMADOL KAPSUL 50 MG",KAPSUL,"Produk jadi",201,VNS,104412
IN6221BRG0005,IN6221,2023-01-22,CUST55504,BRG0005,25,5648,"KLINIK SAHABAT",CAB05,Tangerang,EPM,Klinik,"KLORPROMAZINA TABLET SALUT SELAPUT 100 MG",TABLET,"Produk jadi",203,SLCYL,141200
IN6170BRG0006,IN6170,2030-01-22,CUST55505,BRG0006,14,2819,"APOTEK SINAR JAYA",CAB06,Bekasi,TD,Apotek,"KETOCONAZOLE TABLET 200 MG",TABLET,"Produk jadi",205,"OGB & PH",39466
IN6045BRG0007,IN6045,2031-01-22,CUST55506,BRG0007,21,4592,"APOTEK SAHABAT",CAB07,Padang,TA,Apotek,"ERGOTAMINE COFFEINE",BOTOL,"Produk jadi",206,ETIKAL,96432
IN6300BRG0008,IN6300,2001-02-22,CUST55507,BRG0008,22,3992,"APOTEK TAPAK",CAB01,Aceh,EPM,Apotek,"TETRACYCLINE KAPSUL 250 MG",KAPSUL,"Produk jadi",204,MARCKS,87824
IN6228BRG0009,IN6228,2027-01-22,CUST55508,BRG0009,12,5781,"APOTEK MAJA",CAB02,Kuningan,TD,Apotek,"AMBROXOL HC",BOTOL,"Produk jadi",207,VNS,69372
IN6199BRG0010,IN6199,2028-01-22,CUST55509,BRG0010,25,6940,"KLINIK GM",CAB03,Jakarta,TD,Klinik,PARACETAMOL,BOTOL,"Produk jadi",208,SLCYL,173500
IN6215BRG0001,IN6215,2023-01-22,CUST55510,BRG0001,14,1170,"APOTEK MERDEKA",CAB04,Bandung,TA,Apotek,"ACYCLOVIR DUS",DUS,"Produk jadi",206,"OGB & PH",16380
IN6107BRG0002,IN6107,2030-01-22,CUST55511,BRG0002,24,2338,"KLINIK SAHABAT",CAB05,Tangerang,EPM,Klinik,"ALERGINE TABLET SALUT",DUS,"Produk jadi",203,ETIKAL,56112
IN6152BRG0003,IN6152,2031-01-22,CUST55512,BRG0003,10,10691,"APOTEK SINAR JAYA",CAB06,Bekasi,TD,Apotek,AMPICILLIN,BOTOL,"Produk jadi",210,MARCKS,106910
IN6017BRG0004,IN6017,2001-02-22,CUST55513,BRG0004,23,8701,"APOTEK SAHABAT",CAB07,Padang,TA,Apotek,"TRAMADOL KAPSUL 50 MG",KAPSUL,"Produk jadi",201,VNS,200123
IN6299BRG0005,IN6299,2027-01-22,CUST55514,BRG0005,12,5648,"KLINIK DR. ANDRI",CAB08,Lampung,EPM,Klinik,"KLORPROMAZINA TABLET SALUT SELAPUT 100 MG",TABLET,"Produk jadi",203,SLCYL,67776
IN6064BRG0006,IN6064,2028-01-22,CUST55515,BRG0006,10,2819,"APOTEK TAPAK",CAB01,Aceh,TD,Apotek,"KETOCONAZOLE TABLET 200 MG",TABLET,"Produk jadi",205,"OGB & PH",28190
IN6308BRG0007,IN6308,2023-01-22,CUST55516,BRG0007,67,4592,"APOTEK MAJA",CAB02,Kuningan,TD,Apotek,"ERGOTAMINE COFFEINE",BOTOL,"Produk jadi",206,ETIKAL,307664
IN6038BRG0008,IN6038,2030-01-22,CUST55517,BRG0008,98,3992,"KLINIK GM",CAB03,Jakarta,TA,Klinik,"TETRACYCLINE KAPSUL 250 MG",KAPSUL,"Produk jadi",204,MARCKS,391216
IN6130BRG0009,IN6130,2031-01-22,CUST55518,BRG0009,5,5781,"APOTEK MERDEKA",CAB04,Bandung,EPM,Apotek,"AMBROXOL HC",BOTOL,"Produk jadi",207,VNS,28905
IN6293BRG0010,IN6293,2001-02-22,CUST55519,BRG0010,4,6940,"KLINIK SAHABAT",CAB05,Tangerang,TD,Klinik,PARACETAMOL,BOTOL,"Produk jadi",208,SLCYL,27760
IN6205BRG0001,IN6205,2027-01-22,CUST55520,BRG0001,8,1170,"APOTEK SINAR JAYA",CAB06,Bekasi,TA,Apotek,"ACYCLOVIR DUS",DUS,"Produk jadi",206,"OGB & PH",9360
IN6325BRG0002,IN6325,2028-01-22,CUST55521,BRG0002,9,2338,"APOTEK SAHABAT",CAB07,Padang,EPM,Apotek,"ALERGINE TABLET SALUT",DUS,"Produk jadi",203,ETIKAL,21042
IN6317BRG0003,IN6317,2023-01-22,CUST55522,BRG0003,10,10691,"APOTEK TAPAK",CAB01,Aceh,TD,Apotek,AMPICILLIN,BOTOL,"Produk jadi",210,MARCKS,106910
IN6025BRG0004,IN6025,2030-01-22,CUST55523,BRG0004,7,8701,"APOTEK MAJA",CAB02,Kuningan,TA,Apotek,"TRAMADOL KAPSUL 50 MG",KAPSUL,"Produk jadi",201,VNS,60907
IN6203BRG0005,IN6203,2031-01-22,CUST55524,BRG0005,100,5648,"KLINIK GM",CAB03,Jakarta,EPM,Klinik,"KLORPROMAZINA TABLET SALUT SELAPUT 100 MG",TABLET,"Produk jadi",203,SLCYL,564800
IN6243BRG0006,IN6243,2001-02-22,CUST55525,BRG0006,67,2819,"APOTEK MERDEKA",CAB04,Bandung,TD,Apotek,"KETOCONAZOLE TABLET 200 MG",TABLET,"Produk jadi",205,"OGB & PH",188873
IN6136BRG0001,IN6136,2027-01-22,CUST55526,BRG0001,78,4592,"KLINIK SAHABAT",CAB05,Tangerang,TD,Klinik,"ACYCLOVIR DUS",DUS,"Produk jadi",206,"OGB & PH",358176
IN6314BRG0002,IN6314,2028-01-22,CUST55527,BRG0002,45,3992,"APOTEK SINAR JAYA",CAB06,Bekasi,TA,Apotek,"ALERGINE TABLET SALUT",DUS,"Produk jadi",203,ETIKAL,179640
IN6202BRG0003,IN6202,2023-01-22,CUST55528,BRG0003,34,5781,"APOTEK SAHABAT",CAB07,Padang,EPM,Apotek,AMPICILLIN,BOTOL,"Produk jadi",210,MARCKS,196554
IN6279BRG0004,IN6279,2030-01-22,CUST55529,BRG0004,20,6940,"KLINIK DR. ANDRI",CAB08,Lampung,TD,Klinik,"TRAMADOL KAPSUL 50 MG",KAPSUL,"Produk jadi",201,VNS,138800
IN6196BRG0001,IN6196,2031-01-22,CUST55530,BRG0001,45,1170,"APOTEK TAPAK",CAB01,Aceh,TA,Apotek,"ACYCLOVIR DUS",DUS,"Produk jadi",206,"OGB & PH",52650
IN6266BRG0002,IN6266,2001-02-22,CUST55531,BRG0002,34,2338,"APOTEK MAJA",CAB02,Kuningan,EPM,Apotek,"ALERGINE TABLET SALUT",DUS,"Produk jadi",203,ETIKAL,79492
IN6058BRG0003,IN6058,2027-01-22,CUST55532,BRG0003,34,10691,"KLINIK GM",CAB03,Jakarta,TD,Klinik,AMPICILLIN,BOTOL,"Produk jadi",210,MARCKS,363494
IN6246BRG0004,IN6246,2028-01-22,CUST55533,BRG0004,34,8701,"APOTEK MERDEKA",CAB04,Bandung,TA,Apotek,"TRAMADOL KAPSUL 50 MG",KAPSUL,"Produk jadi",201,VNS,295834
IN6242BRG0005,IN6242,2023-01-22,CUST55534,BRG0005,44,5648,"KLINIK SAHABAT",CAB05,Tangerang,EPM,Klinik,"KLORPROMAZINA TABLET SALUT SELAPUT 100 MG",TABLET,"Produk jadi",203,SLCYL,248512
IN5982BRG0006,IN5982,2030-01-22,CUST55535,BRG0006,5,2819,"APOTEK SINAR JAYA",CAB06,Bekasi,TD,Apotek,"KETOCONAZOLE TABLET 200 MG",TABLET,"Produk jadi",205,"OGB & PH",14095
IN6068BRG0007,IN6068,2031-01-22,CUST55536,BRG0007,6,4592,"APOTEK SAHABAT",CAB07,Padang,TD,Apotek,"ERGOTAMINE COFFEINE",BOTOL,"Produk jadi",206,ETIKAL,27552
IN6128BRG0008,IN6128,2001-02-22,CUST55537,BRG0008,79,3992,"APOTEK TAPAK",CAB01,Aceh,TA,Apotek,"TETRACYCLINE KAPSUL 250 MG",KAPSUL,"Produk jadi",204,MARCKS,315368
IN6066BRG0009,IN6066,2027-01-22,CUST55538,BRG0009,12,5781,"APOTEK MAJA",CAB02,Kuningan,EPM,Apotek,"AMBROXOL HC",BOTOL,"Produk jadi",207,VNS,69372
IN6303BRG0010,IN6303,2028-01-22,CUST55539,BRG0010,95,6940,"KLINIK GM",CAB03,Jakarta,TD,Klinik,PARACETAMOL,BOTOL,"Produk jadi",208,SLCYL,659300
IN6284BRG0001,IN6284,2023-01-22,CUST55540,BRG0001,76,1170,"APOTEK MERDEKA",CAB04,Bandung,TA,Apotek,"ACYCLOVIR DUS",DUS,"Produk jadi",206,"OGB & PH",88920
IN6240BRG0002,IN6240,2030-01-22,CUST55541,BRG0002,48,2338,"KLINIK SAHABAT",CAB05,Tangerang,EPM,Klinik,"ALERGINE TABLET SALUT",DUS,"Produk jadi",203,ETIKAL,112224
IN6244BRG0003,IN6244,2031-01-22,CUST55542,BRG0003,21,10691,"APOTEK SINAR JAYA",CAB06,Bekasi,TD,Apotek,AMPICILLIN,BOTOL,"Produk jadi",210,MARCKS,224511
IN6060BRG0004,IN6060,2001-02-22,CUST55543,BRG0004,22,8701,"APOTEK SAHABAT",CAB07,Padang,TD,Apotek,"TRAMADOL KAPSUL 50 MG",KAPSUL,"Produk jadi",201,VNS,191422
IN6254BRG0005,IN6254,2002-02-22,CUST55544,BRG0005,12,5648,"KLINIK DR. ANDRI",CAB08,Lampung,TA,Klinik,"KLORPROMAZINA TABLET SALUT SELAPUT 100 MG",TABLET,"Produk jadi",203,SLCYL,67776
IN6171BRG0006,IN6171,2003-02-22,CUST55545,BRG0006,25,2819,"APOTEK TAPAK",CAB01,Aceh,EPM,Apotek,"KETOCONAZOLE TABLET 200 MG",TABLET,"Produk jadi",205,"OGB & PH",70475
IN6002BRG0007,IN6002,2004-02-22,CUST55546,BRG0007,14,4592,"APOTEK MAJA",CAB02,Kuningan,TD,Apotek,"ERGOTAMINE COFFEINE",BOTOL,"Produk jadi",206,ETIKAL,64288
IN6261BRG0008,IN6261,2005-02-22,CUST55547,BRG0008,24,3992,"KLINIK GM",CAB03,Jakarta,TA,Klinik,"TETRACYCLINE KAPSUL 250 MG",KAPSUL,"Produk jadi",204,MARCKS,95808
IN6088BRG0009,IN6088,2006-02-22,CUST55548,BRG0009,10,5781,"APOTEK MERDEKA",CAB04,Bandung,EPM,Apotek,"AMBROXOL HC",BOTOL,"Produk jadi",207,VNS,57810
IN6181BRG0010,IN6181,2007-02-22,CUST55549,BRG0010,130,6940,"KLINIK SAHABAT",CAB05,Tangerang,TD,Klinik,PARACETAMOL,BOTOL,"Produk jadi",208,SLCYL,902200
IN6135BRG0001,IN6135,2008-02-22,CUST55550,BRG0001,12,1170,"APOTEK SINAR JAYA",CAB06,Bekasi,TA,Apotek,"ACYCLOVIR DUS",DUS,"Produk jadi",206,"OGB & PH",14040
IN5988BRG0002,IN5988,2009-02-22,CUST55551,BRG0002,10,2338,"APOTEK SAHABAT",CAB07,Padang,EPM,Apotek,"ALERGINE TABLET SALUT",DUS,"Produk jadi",203,ETIKAL,23380
IN6234BRG0003,IN6234,2010-02-22,CUST55552,BRG0003,67,10691,"APOTEK TAPAK",CAB01,Aceh,TD,Apotek,AMPICILLIN,BOTOL,"Produk jadi",210,MARCKS,716297
IN6319BRG0004,IN6319,2011-02-22,CUST55553,BRG0004,98,8701,"APOTEK MAJA",CAB02,Kuningan,TD,Apotek,"TRAMADOL KAPSUL 50 MG",KAPSUL,"Produk jadi",201,VNS,852698
IN6006BRG0005,IN6006,2012-02-22,CUST55554,BRG0005,5,5648,"KLINIK GM",CAB03,Jakarta,TA,Klinik,"KLORPROMAZINA TABLET SALUT SELAPUT 100 MG",TABLET,"Produk jadi",203,SLCYL,28240
IN6147BRG0006,IN6147,2013-02-22,CUST55555,BRG0006,4,2819,"APOTEK MERDEKA",CAB04,Bandung,EPM,Apotek,"KETOCONAZOLE TABLET 200 MG",TABLET,"Produk jadi",205,"OGB & PH",11276
IN6129BRG0001,IN6129,2014-02-22,CUST55556,BRG0001,8,4592,"KLINIK SAHABAT",CAB05,Tangerang,TD,Klinik,"ACYCLOVIR DUS",DUS,"Produk jadi",206,"OGB & PH",36736
IN5986BRG0002,IN5986,2015-02-22,CUST55557,BRG0002,9,3992,"APOTEK SINAR JAYA",CAB06,Bekasi,TA,Apotek,"ALERGINE TABLET SALUT",DUS,"Produk jadi",203,ETIKAL,35928
IN6026BRG0003,IN6026,2016-02-22,CUST55558,BRG0003,21,5781,"APOTEK SAHABAT",CAB07,Padang,EPM,Apotek,AMPICILLIN,BOTOL,"Produk jadi",210,MARCKS,121401
IN6224BRG0004,IN6224,2017-02-22,CUST55559,BRG0004,22,6940,"KLINIK DR. ANDRI",CAB08,Lampung,TD,Klinik,"TRAMADOL KAPSUL 50 MG",KAPSUL,"Produk jadi",201,VNS,152680
IN6087BRG0001,IN6087,2018-02-22,CUST55560,BRG0001,12,1170,"APOTEK TAPAK",CAB01,Aceh,TA,Apotek,"ACYCLOVIR DUS",DUS,"Produk jadi",206,"OGB & PH",14040
IN6096BRG0002,IN6096,2019-02-22,CUST55561,BRG0002,25,2338,"APOTEK MAJA",CAB02,Kuningan,EPM,Apotek,"ALERGINE TABLET SALUT",DUS,"Produk jadi",203,ETIKAL,58450
IN6034BRG0003,IN6034,2020-02-22,CUST55562,BRG0003,14,10691,"KLINIK GM",CAB03,Jakarta,TD,Klinik,AMPICILLIN,BOTOL,"Produk jadi",210,MARCKS,149674
IN6231BRG0004,IN6231,2021-02-22,CUST55563,BRG0004,24,8701,"APOTEK MERDEKA",CAB04,Bandung,TD,Apotek,"TRAMADOL KAPSUL 50 MG",KAPSUL,"Produk jadi",201,VNS,208824
IN6260BRG0005,IN6260,2022-02-22,CUST55564,BRG0005,10,5648,"KLINIK SAHABAT",CAB05,Tangerang,TA,Klinik,"KLORPROMAZINA TABLET SALUT SELAPUT 100 MG",TABLET,"Produk jadi",203,SLCYL,56480
IN6302BRG0006,IN6302,2023-02-22,CUST55565,BRG0006,120,2819,"APOTEK SINAR JAYA",CAB06,Bekasi,EPM,Apotek,"KETOCONAZOLE TABLET 200 MG",TABLET,"Produk jadi",205,"OGB & PH",338280
IN6061BRG0007,IN6061,2024-02-22,CUST55566,BRG0007,12,4592,"APOTEK SAHABAT",CAB07,Padang,TD,Apotek,"ERGOTAMINE COFFEINE",BOTOL,"Produk jadi",206,ETIKAL,55104
IN6011BRG0008,IN6011,2025-02-22,CUST55567,BRG0008,10,3992,"APOTEK TAPAK",CAB01,Aceh,TA,Apotek,"TETRACYCLINE KAPSUL 250 MG",KAPSUL,"Produk jadi",204,MARCKS,39920
IN6275BRG0009,IN6275,2026-02-22,CUST55568,BRG0009,67,5781,"APOTEK MAJA",CAB02,Kuningan,EPM,Apotek,"AMBROXOL HC",BOTOL,"Produk jadi",207,VNS,387327
IN6114BRG0010,IN6114,2027-02-22,CUST55569,BRG0010,98,6940,"KLINIK GM",CAB03,Jakarta,TD,Klinik,PARACETAMOL,BOTOL,"Produk jadi",208,SLCYL,680120
IN6041BRG0001,IN6041,2028-02-22,CUST55570,BRG0001,5,1170,"APOTEK MERDEKA",CAB04,Bandung,TD,Apotek,"ACYCLOVIR DUS",DUS,"Produk jadi",206,"OGB & PH",5850
IN6069BRG0002,IN6069,2001-03-22,CUST55571,BRG0002,4,2338,"KLINIK SAHABAT",CAB05,Tangerang,TA,Klinik,"ALERGINE TABLET SALUT",DUS,"Produk jadi",203,ETIKAL,9352
IN6239BRG0003,IN6239,2002-03-22,CUST55572,BRG0003,8,10691,"APOTEK SINAR JAYA",CAB06,Bekasi,EPM,Apotek,AMPICILLIN,BOTOL,"Produk jadi",210,MARCKS,85528
IN6137BRG0004,IN6137,2003-03-22,CUST55573,BRG0004,9,8701,"APOTEK SAHABAT",CAB07,Padang,TD,Apotek,"TRAMADOL KAPSUL 50 MG",KAPSUL,"Produk jadi",201,VNS,78309
IN6189BRG0005,IN6189,2004-03-22,CUST55574,BRG0005,1,5648,"KLINIK DR. ANDRI",CAB08,Lampung,TA,Klinik,"KLORPROMAZINA TABLET SALUT SELAPUT 100 MG",TABLET,"Produk jadi",203,SLCYL,5648
IN6229BRG0006,IN6229,2005-03-22,CUST55575,BRG0006,5,2819,"APOTEK TAPAK",CAB01,Aceh,EPM,Apotek,"KETOCONAZOLE TABLET 200 MG",TABLET,"Produk jadi",205,"OGB & PH",14095
IN6110BRG0007,IN6110,2006-03-22,CUST55576,BRG0007,9,4592,"APOTEK MAJA",CAB02,Kuningan,TD,Apotek,"ERGOTAMINE COFFEINE",BOTOL,"Produk jadi",206,ETIKAL,41328
IN6182BRG0008,IN6182,2007-03-22,CUST55577,BRG0008,13,3992,"KLINIK GM",CAB03,Jakarta,TA,Klinik,"TETRACYCLINE KAPSUL 250 MG",KAPSUL,"Produk jadi",204,MARCKS,51896
IN6164BRG0009,IN6164,2008-03-22,CUST55578,BRG0009,1,5781,"APOTEK MERDEKA",CAB04,Bandung,EPM,Apotek,"AMBROXOL HC",BOTOL,"Produk jadi",207,VNS,5781
IN6016BRG0010,IN6016,2009-03-22,CUST55579,BRG0010,5,6940,"KLINIK SAHABAT",CAB05,Tangerang,TD,Klinik,PARACETAMOL,BOTOL,"Produk jadi",208,SLCYL,34700
IN6043BRG0001,IN6043,2010-03-22,CUST55580,BRG0001,9,1170,"APOTEK SINAR JAYA",CAB06,Bekasi,TD,Apotek,"ACYCLOVIR DUS",DUS,"Produk jadi",206,"OGB & PH",10530
IN6020BRG0002,IN6020,2011-03-22,CUST55581,BRG0002,1,2338,"APOTEK SAHABAT",CAB07,Padang,TA,Apotek,"ALERGINE TABLET SALUT",DUS,"Produk jadi",203,ETIKAL,2338
IN6206BRG0003,IN6206,2012-03-22,CUST55582,BRG0003,23,10691,"APOTEK TAPAK",CAB01,Aceh,EPM,Apotek,AMPICILLIN,BOTOL,"Produk jadi",210,MARCKS,245893
IN6055BRG0004,IN6055,2013-03-22,CUST55583,BRG0004,4,8701,"APOTEK MAJA",CAB02,Kuningan,TD,Apotek,"TRAMADOL KAPSUL 50 MG",KAPSUL,"Produk jadi",201,VNS,34804
IN6092BRG0005,IN6092,2014-03-22,CUST55584,BRG0005,2,5648,"KLINIK GM",CAB03,Jakarta,TA,Klinik,"KLORPROMAZINA TABLET SALUT SELAPUT 100 MG",TABLET,"Produk jadi",203,SLCYL,11296
IN6177BRG0006,IN6177,2015-03-22,CUST55585,BRG0006,17,2819,"APOTEK MERDEKA",CAB04,Bandung,EPM,Apotek,"KETOCONAZOLE TABLET 200 MG",TABLET,"Produk jadi",205,"OGB & PH",47923
IN6209BRG0001,IN6209,2016-03-22,CUST55586,BRG0001,11,4592,"KLINIK SAHABAT",CAB05,Tangerang,TD,Klinik,"ACYCLOVIR DUS",DUS,"Produk jadi",206,"OGB & PH",50512
IN6250BRG0002,IN6250,2017-03-22,CUST55587,BRG0002,12,3992,"APOTEK SINAR JAYA",CAB06,Bekasi,TA,Apotek,"ALERGINE TABLET SALUT",DUS,"Produk jadi",203,ETIKAL,47904
IN6193BRG0003,IN6193,2018-03-22,CUST55588,BRG0003,12,5781,"APOTEK SAHABAT",CAB07,Padang,EPM,Apotek,AMPICILLIN,BOTOL,"Produk jadi",210,MARCKS,69372
IN6081BRG0004,IN6081,2019-03-22,CUST55589,BRG0004,25,6940,"KLINIK DR. ANDRI",CAB08,Lampung,TD,Klinik,"TRAMADOL KAPSUL 50 MG",KAPSUL,"Produk jadi",201,VNS,173500
IN6149BRG0001,IN6149,2020-03-22,CUST55590,BRG0001,14,1170,"APOTEK TAPAK",CAB01,Aceh,TD,Apotek,"ACYCLOVIR DUS",DUS,"Produk jadi",206,"OGB & PH",16380
IN6014BRG0002,IN6014,2021-03-22,CUST55591,BRG0002,34,2338,"APOTEK MAJA",CAB02,Kuningan,TA,Apotek,"ALERGINE TABLET SALUT",DUS,"Produk jadi",203,ETIKAL,79492
IN6290BRG0003,IN6290,2022-03-22,CUST55592,BRG0003,67,10691,"KLINIK GM",CAB03,Jakarta,EPM,Klinik,AMPICILLIN,BOTOL,"Produk jadi",210,MARCKS,716297
IN6051BRG0004,IN6051,2023-03-22,CUST55593,BRG0004,15,8701,"APOTEK MERDEKA",CAB04,Bandung,TD,Apotek,"TRAMADOL KAPSUL 50 MG",KAPSUL,"Produk jadi",201,VNS,130515
IN6076BRG0005,IN6076,2024-03-22,CUST55594,BRG0005,12,5648,"KLINIK SAHABAT",CAB05,Tangerang,TA,Klinik,"KLORPROMAZINA TABLET SALUT SELAPUT 100 MG",TABLET,"Produk jadi",203,SLCYL,67776
IN6140BRG0006,IN6140,2025-03-22,CUST55595,BRG0006,25,2819,"APOTEK SINAR JAYA",CAB06,Bekasi,EPM,Apotek,"KETOCONAZOLE TABLET 200 MG",TABLET,"Produk jadi",205,"OGB & PH",70475
IN6080BRG0007,IN6080,2026-03-22,CUST55596,BRG0007,14,4592,"APOTEK SAHABAT",CAB07,Padang,TD,Apotek,"ERGOTAMINE COFFEINE",BOTOL,"Produk jadi",206,ETIKAL,64288
IN6153BRG0008,IN6153,2027-03-22,CUST55597,BRG0008,18,3992,"APOTEK TAPAK",CAB01,Aceh,TD,Apotek,"TETRACYCLINE KAPSUL 250 MG",KAPSUL,"Produk jadi",204,MARCKS,71856
IN5979BRG0009,IN5979,2028-03-22,CUST55598,BRG0009,18,5781,"APOTEK MAJA",CAB02,Kuningan,TA,Apotek,"AMBROXOL HC",BOTOL,"Produk jadi",207,VNS,104058
IN6098BRG0010,IN6098,2029-03-22,CUST55599,BRG0010,19,6940,"KLINIK GM",CAB03,Jakarta,EPM,Klinik,PARACETAMOL,BOTOL,"Produk jadi",208,SLCYL,131860
IN6078BRG0001,IN6078,2030-03-22,CUST55600,BRG0001,12,1170,"APOTEK MERDEKA",CAB04,Bandung,TD,Apotek,"ACYCLOVIR DUS",DUS,"Produk jadi",206,"OGB & PH",14040
IN6085BRG0002,IN6085,2031-03-22,CUST55601,BRG0002,25,2338,"KLINIK SAHABAT",CAB05,Tangerang,TA,Klinik,"ALERGINE TABLET SALUT",DUS,"Produk jadi",203,ETIKAL,58450
IN6018BRG0003,IN6018,2001-04-22,CUST55602,BRG0003,14,10691,"APOTEK SINAR JAYA",CAB06,Bekasi,EPM,Apotek,AMPICILLIN,BOTOL,"Produk jadi",210,MARCKS,149674
IN6001BRG0004,IN6001,2002-04-22,CUST55603,BRG0004,21,8701,"APOTEK SAHABAT",CAB07,Padang,TD,Apotek,"TRAMADOL KAPSUL 50 MG",KAPSUL,"Produk jadi",201,VNS,182721
IN6271BRG0005,IN6271,2003-04-22,CUST55604,BRG0005,22,5648,"KLINIK DR. ANDRI",CAB08,Lampung,TA,Klinik,"KLORPROMAZINA TABLET SALUT SELAPUT 100 MG",TABLET,"Produk jadi",203,SLCYL,124256
IN6207BRG0006,IN6207,2004-04-22,CUST55605,BRG0006,12,2819,"APOTEK TAPAK",CAB01,Aceh,EPM,Apotek,"KETOCONAZOLE TABLET 200 MG",TABLET,"Produk jadi",205,"OGB & PH",33828
IN6187BRG0007,IN6187,2005-04-22,CUST55606,BRG0007,25,4592,"APOTEK MAJA",CAB02,Kuningan,TD,Apotek,"ERGOTAMINE COFFEINE",BOTOL,"Produk jadi",206,ETIKAL,114800
IN5995BRG0008,IN5995,2006-04-22,CUST55607,BRG0008,14,3992,"KLINIK GM",CAB03,Jakarta,TD,Klinik,"TETRACYCLINE KAPSUL 250 MG",KAPSUL,"Produk jadi",204,MARCKS,55888
IN6156BRG0009,IN6156,2007-04-22,CUST55608,BRG0009,24,5781,"APOTEK MERDEKA",CAB04,Bandung,TA,Apotek,"AMBROXOL HC",BOTOL,"Produk jadi",207,VNS,138744
IN6232BRG0010,IN6232,2008-04-22,CUST55609,BRG0010,10,6940,"KLINIK SAHABAT",CAB05,Tangerang,EPM,Klinik,PARACETAMOL,BOTOL,"Produk jadi",208,SLCYL,69400
IN5998BRG0001,IN5998,2009-04-22,CUST55610,BRG0001,23,1170,"APOTEK SINAR JAYA",CAB06,Bekasi,TD,Apotek,"ACYCLOVIR DUS",DUS,"Produk jadi",206,"OGB & PH",26910
IN6227BRG0002,IN6227,2010-04-22,CUST55611,BRG0002,12,2338,"APOTEK SAHABAT",CAB07,Padang,TA,Apotek,"ALERGINE TABLET SALUT",DUS,"Produk jadi",203,ETIKAL,28056
IN6027BRG0003,IN6027,2011-04-22,CUST55612,BRG0003,10,10691,"APOTEK TAPAK",CAB01,Aceh,EPM,Apotek,AMPICILLIN,BOTOL,"Produk jadi",210,MARCKS,106910
IN6157BRG0004,IN6157,2012-04-22,CUST55613,BRG0004,67,8701,"APOTEK MAJA",CAB02,Kuningan,TD,Apotek,"TRAMADOL KAPSUL 50 MG",KAPSUL,"Produk jadi",201,VNS,582967
IN6180BRG0005,IN6180,2013-04-22,CUST55614,BRG0005,98,5648,"KLINIK GM",CAB03,Jakarta,TA,Klinik,"KLORPROMAZINA TABLET SALUT SELAPUT 100 MG",TABLET,"Produk jadi",203,SLCYL,553504
IN6257BRG0006,IN6257,2014-04-22,CUST55615,BRG0006,5,2819,"APOTEK MERDEKA",CAB04,Bandung,EPM,Apotek,"KETOCONAZOLE TABLET 200 MG",TABLET,"Produk jadi",205,"OGB & PH",14095
IN6031BRG0001,IN6031,2015-04-22,CUST55616,BRG0001,4,4592,"KLINIK SAHABAT",CAB05,Tangerang,TD,Klinik,"ACYCLOVIR DUS",DUS,"Produk jadi",206,"OGB & PH",18368
IN6082BRG0002,IN6082,2016-04-22,CUST55617,BRG0002,8,3992,"APOTEK SINAR JAYA",CAB06,Bekasi,TD,Apotek,"ALERGINE TABLET SALUT",DUS,"Produk jadi",203,ETIKAL,31936
IN6174BRG0003,IN6174,2017-04-22,CUST55618,BRG0003,9,5781,"APOTEK SAHABAT",CAB07,Padang,TA,Apotek,AMPICILLIN,BOTOL,"Produk jadi",210,MARCKS,52029
IN6237BRG0004,IN6237,2018-04-22,CUST55619,BRG0004,10,6940,"KLINIK DR. ANDRI",CAB08,Lampung,EPM,Klinik,"TRAMADOL KAPSUL 50 MG",KAPSUL,"Produk jadi",201,VNS,69400
IN6021BRG0001,IN6021,2019-04-22,CUST55620,BRG0001,7,1170,"APOTEK TAPAK",CAB01,Aceh,TD,Apotek,"ACYCLOVIR DUS",DUS,"Produk jadi",206,"OGB & PH",8190
IN6056BRG0002,IN6056,2020-04-22,CUST55621,BRG0002,100,2338,"APOTEK MAJA",CAB02,Kuningan,TA,Apotek,"ALERGINE TABLET SALUT",DUS,"Produk jadi",203,ETIKAL,233800
IN5983BRG0003,IN5983,2021-04-22,CUST55622,BRG0003,67,10691,"KLINIK GM",CAB03,Jakarta,EPM,Klinik,AMPICILLIN,BOTOL,"Produk jadi",210,MARCKS,716297
IN6139BRG0004,IN6139,2022-04-22,CUST55623,BRG0004,78,8701,"APOTEK MERDEKA",CAB04,Bandung,TD,Apotek,"TRAMADOL KAPSUL 50 MG",KAPSUL,"Produk jadi",201,VNS,678678
IN6126BRG0005,IN6126,2023-04-22,CUST55624,BRG0005,45,5648,"KLINIK SAHABAT",CAB05,Tangerang,TD,Klinik,"KLORPROMAZINA TABLET SALUT SELAPUT 100 MG",TABLET,"Produk jadi",203,SLCYL,254160
IN6127BRG0006,IN6127,2024-04-22,CUST55625,BRG0006,34,2819,"APOTEK SINAR JAYA",CAB06,Bekasi,TA,Apotek,"KETOCONAZOLE TABLET 200 MG",TABLET,"Produk jadi",205,"OGB & PH",95846
IN6035BRG0007,IN6035,2025-04-22,CUST55626,BRG0007,20,4592,"APOTEK SAHABAT",CAB07,Padang,EPM,Apotek,"ERGOTAMINE COFFEINE",BOTOL,"Produk jadi",206,ETIKAL,91840
IN6309BRG0008,IN6309,2026-04-22,CUST55627,BRG0008,45,3992,"APOTEK TAPAK",CAB01,Aceh,TD,Apotek,"TETRACYCLINE KAPSUL 250 MG",KAPSUL,"Produk jadi",204,MARCKS,179640
IN6073BRG0009,IN6073,2027-04-22,CUST55628,BRG0009,34,5781,"APOTEK MAJA",CAB02,Kuningan,TA,Apotek,"AMBROXOL HC",BOTOL,"Produk jadi",207,VNS,196554
IN6277BRG0010,IN6277,2028-04-22,CUST55629,BRG0010,34,6940,"KLINIK GM",CAB03,Jakarta,EPM,Klinik,PARACETAMOL,BOTOL,"Produk jadi",208,SLCYL,235960
IN6197BRG0001,IN6197,2029-04-22,CUST55630,BRG0001,34,1170,"APOTEK MERDEKA",CAB04,Bandung,TD,Apotek,"ACYCLOVIR DUS",DUS,"Produk jadi",206,"OGB & PH",39780
IN6225BRG0002,IN6225,2030-04-22,CUST55631,BRG0002,44,2338,"KLINIK SAHABAT",CAB05,Tangerang,TA,Klinik,"ALERGINE TABLET SALUT",DUS,"Produk jadi",203,ETIKAL,102872
IN5999BRG0003,IN5999,2001-05-22,CUST55632,BRG0003,5,10691,"APOTEK SINAR JAYA",CAB06,Bekasi,EPM,Apotek,AMPICILLIN,BOTOL,"Produk jadi",210,MARCKS,53455
IN6223BRG0004,IN6223,2002-05-22,CUST55633,BRG0004,6,8701,"APOTEK SAHABAT",CAB07,Padang,TD,Apotek,"TRAMADOL KAPSUL 50 MG",KAPSUL,"Produk jadi",201,VNS,52206
IN6273BRG0005,IN6273,2003-05-22,CUST55634,BRG0005,79,5648,"KLINIK DR. ANDRI",CAB08,Lampung,TD,Klinik,"KLORPROMAZINA TABLET SALUT SELAPUT 100 MG",TABLET,"Produk jadi",203,SLCYL,446192
IN6047BRG0006,IN6047,2026-04-22,CUST55635,BRG0006,12,2819,"APOTEK TAPAK",CAB01,Aceh,TA,Apotek,"KETOCONAZOLE TABLET 200 MG",TABLET,"Produk jadi",205,"OGB & PH",33828
IN6071BRG0007,IN6071,2027-04-22,CUST55636,BRG0007,95,4592,"APOTEK MAJA",CAB02,Kuningan,EPM,Apotek,"ERGOTAMINE COFFEINE",BOTOL,"Produk jadi",206,ETIKAL,436240
IN6009BRG0008,IN6009,2028-04-22,CUST55637,BRG0008,76,3992,"KLINIK GM",CAB03,Jakarta,TD,Klinik,"TETRACYCLINE KAPSUL 250 MG",KAPSUL,"Produk jadi",204,MARCKS,303392
IN6075BRG0009,IN6075,2016-04-22,CUST55638,BRG0009,48,5781,"APOTEK MERDEKA",CAB04,Bandung,TA,Apotek,"AMBROXOL HC",BOTOL,"Produk jadi",207,VNS,277488
IN6218BRG0010,IN6218,2017-04-22,CUST55639,BRG0010,21,6940,"KLINIK SAHABAT",CAB05,Tangerang,EPM,Klinik,PARACETAMOL,BOTOL,"Produk jadi",208,SLCYL,145740
IN5985BRG0001,IN5985,2018-04-22,CUST55640,BRG0001,22,1170,"APOTEK SINAR JAYA",CAB06,Bekasi,TD,Apotek,"ACYCLOVIR DUS",DUS,"Produk jadi",206,"OGB & PH",25740
IN6154BRG0002,IN6154,2019-04-22,CUST55641,BRG0002,12,2338,"APOTEK SAHABAT",CAB07,Padang,TA,Apotek,"ALERGINE TABLET SALUT",DUS,"Produk jadi",203,ETIKAL,28056
IN6145BRG0003,IN6145,2020-04-22,CUST55642,BRG0003,25,10691,"APOTEK TAPAK",CAB01,Aceh,EPM,Apotek,AMPICILLIN,BOTOL,"Produk jadi",210,MARCKS,267275
IN6315BRG0004,IN6315,2021-04-22,CUST55643,BRG0004,14,8701,"APOTEK MAJA",CAB02,Kuningan,TD,Apotek,"TRAMADOL KAPSUL 50 MG",KAPSUL,"Produk jadi",201,VNS,121814
IN6168BRG0005,IN6168,2013-05-22,CUST55644,BRG0005,24,5648,"KLINIK GM",CAB03,Jakarta,TD,Klinik,"KLORPROMAZINA TABLET SALUT SELAPUT 100 MG",TABLET,"Produk jadi",203,SLCYL,135552
IN6192BRG0006,IN6192,2014-05-22,CUST55645,BRG0006,10,2819,"APOTEK MERDEKA",CAB04,Bandung,TA,Apotek,"KETOCONAZOLE TABLET 200 MG",TABLET,"Produk jadi",205,"OGB & PH",28190
IN6285BRG0001,IN6285,2015-05-22,CUST55646,BRG0001,130,4592,"KLINIK SAHABAT",CAB05,Tangerang,EPM,Klinik,"ACYCLOVIR DUS",DUS,"Produk jadi",206,"OGB & PH",596960
IN6077BRG0002,IN6077,2016-05-22,CUST55647,BRG0002,12,3992,"APOTEK SINAR JAYA",CAB06,Bekasi,TD,Apotek,"ALERGINE TABLET SALUT",DUS,"Produk jadi",203,ETIKAL,47904
IN6057BRG0003,IN6057,2017-05-22,CUST55648,BRG0003,10,5781,"APOTEK SAHABAT",CAB07,Padang,TA,Apotek,AMPICILLIN,BOTOL,"Produk jadi",210,MARCKS,57810
IN6252BRG0004,IN6252,2018-05-22,CUST55649,BRG0004,67,6940,"KLINIK DR. ANDRI",CAB08,Lampung,EPM,Klinik,"TRAMADOL KAPSUL 50 MG",KAPSUL,"Produk jadi",201,VNS,464980
IN6272BRG0001,IN6272,2019-05-22,CUST55650,BRG0001,98,1170,"APOTEK TAPAK",CAB01,Aceh,TD,Apotek,"ACYCLOVIR DUS",DUS,"Produk jadi",206,"OGB & PH",114660
IN6150BRG0002,IN6150,2020-05-22,CUST55651,BRG0002,5,2338,"APOTEK MAJA",CAB02,Kuningan,TD,Apotek,"ALERGINE TABLET SALUT",DUS,"Produk jadi",203,ETIKAL,11690
IN6298BRG0003,IN6298,2021-05-22,CUST55652,BRG0003,4,10691,"KLINIK GM",CAB03,Jakarta,TA,Klinik,AMPICILLIN,BOTOL,"Produk jadi",210,MARCKS,42764
IN6295BRG0004,IN6295,2022-05-22,CUST55653,BRG0004,8,8701,"APOTEK MERDEKA",CAB04,Bandung,EPM,Apotek,"TRAMADOL KAPSUL 50 MG",KAPSUL,"Produk jadi",201,VNS,69608
IN6022BRG0005,IN6022,2023-05-22,CUST55654,BRG0005,9,5648,"KLINIK SAHABAT",CAB05,Tangerang,TD,Klinik,"KLORPROMAZINA TABLET SALUT SELAPUT 100 MG",TABLET,"Produk jadi",203,SLCYL,50832
IN6090BRG0006,IN6090,2024-05-22,CUST55655,BRG0006,21,2819,"APOTEK SINAR JAYA",CAB06,Bekasi,TA,Apotek,"KETOCONAZOLE TABLET 200 MG",TABLET,"Produk jadi",205,"OGB & PH",59199
IN5996BRG0007,IN5996,2025-05-22,CUST55656,BRG0007,22,4592,"APOTEK SAHABAT",CAB07,Padang,EPM,Apotek,"ERGOTAMINE COFFEINE",BOTOL,"Produk jadi",206,ETIKAL,101024
IN6111BRG0008,IN6111,2026-05-22,CUST55657,BRG0008,12,3992,"APOTEK TAPAK",CAB01,Aceh,TD,Apotek,"TETRACYCLINE KAPSUL 250 MG",KAPSUL,"Produk jadi",204,MARCKS,47904
IN6194BRG0009,IN6194,2018-04-22,CUST55658,BRG0009,25,5781,"APOTEK MAJA",CAB02,Kuningan,TA,Apotek,"AMBROXOL HC",BOTOL,"Produk jadi",207,VNS,144525
IN5987BRG0010,IN5987,2019-04-22,CUST55659,BRG0010,14,6940,"KLINIK GM",CAB03,Jakarta,EPM,Klinik,PARACETAMOL,BOTOL,"Produk jadi",208,SLCYL,97160
IN6313BRG0001,IN6313,2020-04-22,CUST55660,BRG0001,24,1170,"APOTEK MERDEKA",CAB04,Bandung,TD,Apotek,"ACYCLOVIR DUS",DUS,"Produk jadi",206,"OGB & PH",28080
IN6138BRG0002,IN6138,2018-04-22,CUST55661,BRG0002,10,2338,"KLINIK SAHABAT",CAB05,Tangerang,TD,Klinik,"ALERGINE TABLET SALUT",DUS,"Produk jadi",203,ETIKAL,23380
IN6316BRG0003,IN6316,2019-04-22,CUST55662,BRG0003,120,10691,"APOTEK SINAR JAYA",CAB06,Bekasi,TA,Apotek,AMPICILLIN,BOTOL,"Produk jadi",210,MARCKS,1282920
IN6019BRG0004,IN6019,2020-04-22,CUST55663,BRG0004,12,8701,"APOTEK SAHABAT",CAB07,Padang,EPM,Apotek,"TRAMADOL KAPSUL 50 MG",KAPSUL,"Produk jadi",201,VNS,104412
IN6283BRG0005,IN6283,2019-05-22,CUST55664,BRG0005,10,5648,"KLINIK DR. ANDRI",CAB08,Lampung,TD,Klinik,"KLORPROMAZINA TABLET SALUT SELAPUT 100 MG",TABLET,"Produk jadi",203,SLCYL,56480
IN6169BRG0006,IN6169,2020-05-22,CUST55665,BRG0006,67,2819,"APOTEK TAPAK",CAB01,Aceh,TA,Apotek,"KETOCONAZOLE TABLET 200 MG",TABLET,"Produk jadi",205,"OGB & PH",188873
IN6121BRG0007,IN6121,2021-05-22,CUST55666,BRG0007,98,4592,"APOTEK MAJA",CAB02,Kuningan,EPM,Apotek,"ERGOTAMINE COFFEINE",BOTOL,"Produk jadi",206,ETIKAL,450016
IN6117BRG0008,IN6117,2022-05-22,CUST55667,BRG0008,5,3992,"KLINIK GM",CAB03,Jakarta,TD,Klinik,"TETRACYCLINE KAPSUL 250 MG",KAPSUL,"Produk jadi",204,MARCKS,19960
IN6201BRG0009,IN6201,2023-05-22,CUST55668,BRG0009,4,5781,"APOTEK MERDEKA",CAB04,Bandung,TA,Apotek,"AMBROXOL HC",BOTOL,"Produk jadi",207,VNS,23124
IN6179BRG0010,IN6179,2024-05-22,CUST55669,BRG0010,8,6940,"KLINIK SAHABAT",CAB05,Tangerang,EPM,Klinik,PARACETAMOL,BOTOL,"Produk jadi",208,SLCYL,55520
IN5978BRG0001,IN5978,2025-05-22,CUST55670,BRG0001,9,1170,"APOTEK SINAR JAYA",CAB06,Bekasi,TD,Apotek,"ACYCLOVIR DUS",DUS,"Produk jadi",206,"OGB & PH",10530
IN5993BRG0002,IN5993,2026-05-22,CUST55671,BRG0002,1,2338,"APOTEK SAHABAT",CAB07,Padang,TD,Apotek,"ALERGINE TABLET SALUT",DUS,"Produk jadi",203,ETIKAL,2338
IN6160BRG0003,IN6160,2027-05-22,CUST55672,BRG0003,5,10691,"APOTEK TAPAK",CAB01,Aceh,TA,Apotek,AMPICILLIN,BOTOL,"Produk jadi",210,MARCKS,53455
IN6282BRG0004,IN6282,2028-05-22,CUST55673,BRG0004,9,8701,"APOTEK MAJA",CAB02,Kuningan,EPM,Apotek,"TRAMADOL KAPSUL 50 MG",KAPSUL,"Produk jadi",201,VNS,78309
IN6093BRG0005,IN6093,2029-05-22,CUST55674,BRG0005,13,5648,"KLINIK GM",CAB03,Jakarta,TD,Klinik,"KLORPROMAZINA TABLET SALUT SELAPUT 100 MG",TABLET,"Produk jadi",203,SLCYL,73424
IN6166BRG0006,IN6166,2030-05-22,CUST55675,BRG0006,1,2819,"APOTEK MERDEKA",CAB04,Bandung,TA,Apotek,"KETOCONAZOLE TABLET 200 MG",TABLET,"Produk jadi",205,"OGB & PH",2819
IN6010BRG0001,IN6010,2031-05-22,CUST55676,BRG0001,5,4592,"KLINIK SAHABAT",CAB05,Tangerang,EPM,Klinik,"ACYCLOVIR DUS",DUS,"Produk jadi",206,"OGB & PH",22960
IN6100BRG0002,IN6100,2001-06-22,CUST55677,BRG0002,9,3992,"APOTEK SINAR JAYA",CAB06,Bekasi,TD,Apotek,"ALERGINE TABLET SALUT",DUS,"Produk jadi",203,ETIKAL,35928
IN6222BRG0003,IN6222,2002-06-22,CUST55678,BRG0003,1,5781,"APOTEK SAHABAT",CAB07,Padang,TD,Apotek,AMPICILLIN,BOTOL,"Produk jadi",210,MARCKS,5781
IN6032BRG0004,IN6032,2003-06-22,CUST55679,BRG0004,23,6940,"KLINIK DR. ANDRI",CAB08,Lampung,TA,Klinik,"TRAMADOL KAPSUL 50 MG",KAPSUL,"Produk jadi",201,VNS,159620
IN6198BRG0001,IN6198,2004-06-22,CUST55680,BRG0001,4,1170,"APOTEK TAPAK",CAB01,Aceh,EPM,Apotek,"ACYCLOVIR DUS",DUS,"Produk jadi",206,"OGB & PH",4680
IN6212BRG0002,IN6212,2005-06-22,CUST55681,BRG0002,2,2338,"APOTEK MAJA",CAB02,Kuningan,TD,Apotek,"ALERGINE TABLET SALUT",DUS,"Produk jadi",203,ETIKAL,4676
IN6288BRG0003,IN6288,2006-06-22,CUST55682,BRG0003,17,10691,"KLINIK GM",CAB03,Jakarta,TA,Klinik,AMPICILLIN,BOTOL,"Produk jadi",210,MARCKS,181747
IN6059BRG0004,IN6059,2007-06-22,CUST55683,BRG0004,11,8701,"APOTEK MERDEKA",CAB04,Bandung,EPM,Apotek,"TRAMADOL KAPSUL 50 MG",KAPSUL,"Produk jadi",201,VNS,95711
IN6236BRG0005,IN6236,2008-06-22,CUST55684,BRG0005,12,5648,"KLINIK SAHABAT",CAB05,Tangerang,TD,Klinik,"KLORPROMAZINA TABLET SALUT SELAPUT 100 MG",TABLET,"Produk jadi",203,SLCYL,67776
IN6296BRG0006,IN6296,2009-06-22,CUST55685,BRG0006,12,2819,"APOTEK SINAR JAYA",CAB06,Bekasi,TA,Apotek,"KETOCONAZOLE TABLET 200 MG",TABLET,"Produk jadi",205,"OGB & PH",33828
IN6324BRG0007,IN6324,2010-06-22,CUST55686,BRG0007,25,4592,"APOTEK SAHABAT",CAB07,Padang,EPM,Apotek,"ERGOTAMINE COFFEINE",BOTOL,"Produk jadi",206,ETIKAL,114800
IN6091BRG0008,IN6091,2011-06-22,CUST55687,BRG0008,14,3992,"APOTEK TAPAK",CAB01,Aceh,TD,Apotek,"TETRACYCLINE KAPSUL 250 MG",KAPSUL,"Produk jadi",204,MARCKS,55888
IN6033BRG0009,IN6033,2012-06-22,CUST55688,BRG0009,34,5781,"APOTEK MAJA",CAB02,Kuningan,TD,Apotek,"AMBROXOL HC",BOTOL,"Produk jadi",207,VNS,196554
IN6159BRG0010,IN6159,2013-06-22,CUST55689,BRG0010,67,6940,"KLINIK GM",CAB03,Jakarta,TA,Klinik,PARACETAMOL,BOTOL,"Produk jadi",208,SLCYL,464980
IN6264BRG0001,IN6264,2014-06-22,CUST55690,BRG0001,15,1170,"APOTEK MERDEKA",CAB04,Bandung,EPM,Apotek,"ACYCLOVIR DUS",DUS,"Produk jadi",206,"OGB & PH",17550
IN6046BRG0002,IN6046,2015-06-22,CUST55691,BRG0002,12,2338,"KLINIK SAHABAT",CAB05,Tangerang,TD,Klinik,"ALERGINE TABLET SALUT",DUS,"Produk jadi",203,ETIKAL,28056
IN6268BRG0003,IN6268,2016-06-22,CUST55692,BRG0003,25,10691,"APOTEK SINAR JAYA",CAB06,Bekasi,TA,Apotek,AMPICILLIN,BOTOL,"Produk jadi",210,MARCKS,267275
IN6310BRG0004,IN6310,2030-04-22,CUST55693,BRG0004,14,8701,"APOTEK SAHABAT",CAB07,Padang,EPM,Apotek,"TRAMADOL KAPSUL 50 MG",KAPSUL,"Produk jadi",201,VNS,121814
IN6044BRG0005,IN6044,2001-05-22,CUST55694,BRG0005,18,5648,"KLINIK DR. ANDRI",CAB08,Lampung,TD,Klinik,"KLORPROMAZINA TABLET SALUT SELAPUT 100 MG",TABLET,"Produk jadi",203,SLCYL,101664
IN6178BRG0006,IN6178,2002-05-22,CUST55695,BRG0006,18,2819,"APOTEK TAPAK",CAB01,Aceh,TA,Apotek,"KETOCONAZOLE TABLET 200 MG",TABLET,"Produk jadi",205,"OGB & PH",50742
IN6270BRG0007,IN6270,2003-05-22,CUST55696,BRG0007,19,4592,"APOTEK MAJA",CAB02,Kuningan,EPM,Apotek,"ERGOTAMINE COFFEINE",BOTOL,"Produk jadi",206,ETIKAL,87248
IN6123BRG0008,IN6123,2016-06-22,CUST55697,BRG0008,12,3992,"KLINIK GM",CAB03,Jakarta,TD,Klinik,"TETRACYCLINE KAPSUL 250 MG",KAPSUL,"Produk jadi",204,MARCKS,47904
IN6265BRG0009,IN6265,2030-04-22,CUST55698,BRG0009,25,5781,"APOTEK MERDEKA",CAB04,Bandung,TD,Apotek,"AMBROXOL HC",BOTOL,"Produk jadi",207,VNS,144525
IN6158BRG0010,IN6158,2001-05-22,CUST55699,BRG0010,14,6940,"KLINIK SAHABAT",CAB05,Tangerang,TA,Klinik,PARACETAMOL,BOTOL,"Produk jadi",208,SLCYL,97160
IN6105BRG0001,IN6105,2002-05-22,CUST55700,BRG0001,21,1170,"APOTEK SINAR JAYA",CAB06,Bekasi,EPM,Apotek,"ACYCLOVIR DUS",DUS,"Produk jadi",206,"OGB & PH",24570
IN6213BRG0002,IN6213,2003-05-22,CUST55701,BRG0002,22,2338,"APOTEK SAHABAT",CAB07,Padang,TD,Apotek,"ALERGINE TABLET SALUT",DUS,"Produk jadi",203,ETIKAL,51436
IN6109BRG0003,IN6109,2016-06-22,CUST55702,BRG0003,12,10691,"APOTEK TAPAK",CAB01,Aceh,TA,Apotek,AMPICILLIN,BOTOL,"Produk jadi",210,MARCKS,128292
IN6249BRG0004,IN6249,2030-04-22,CUST55703,BRG0004,25,8701,"APOTEK MAJA",CAB02,Kuningan,EPM,Apotek,"TRAMADOL KAPSUL 50 MG",KAPSUL,"Produk jadi",201,VNS,217525
IN6067BRG0005,IN6067,2001-05-22,CUST55704,BRG0005,14,5648,"KLINIK GM",CAB03,Jakarta,TD,Klinik,"KLORPROMAZINA TABLET SALUT SELAPUT 100 MG",TABLET,"Produk jadi",203,SLCYL,79072
IN6143BRG0006,IN6143,2002-05-22,CUST55705,BRG0006,24,2819,"APOTEK MERDEKA",CAB04,Bandung,TD,Apotek,"KETOCONAZOLE TABLET 200 MG",TABLET,"Produk jadi",205,"OGB & PH",67656
IN5990BRG0001,IN5990,2003-05-22,CUST55706,BRG0001,10,4592,"KLINIK SAHABAT",CAB05,Tangerang,TA,Klinik,"ACYCLOVIR DUS",DUS,"Produk jadi",206,"OGB & PH",45920
IN5992BRG0002,IN5992,2016-06-22,CUST55707,BRG0002,23,3992,"APOTEK SINAR JAYA",CAB06,Bekasi,EPM,Apotek,"ALERGINE TABLET SALUT",DUS,"Produk jadi",203,ETIKAL,91816
IN6132BRG0003,IN6132,2030-04-22,CUST55708,BRG0003,12,5781,"APOTEK SAHABAT",CAB07,Padang,TD,Apotek,AMPICILLIN,BOTOL,"Produk jadi",210,MARCKS,69372
IN6030BRG0004,IN6030,2001-05-22,CUST55709,BRG0004,10,6940,"KLINIK DR. ANDRI",CAB08,Lampung,TA,Klinik,"TRAMADOL KAPSUL 50 MG",KAPSUL,"Produk jadi",201,VNS,69400
IN6094BRG0001,IN6094,2002-05-22,CUST55710,BRG0001,67,1170,"APOTEK TAPAK",CAB01,Aceh,EPM,Apotek,"ACYCLOVIR DUS",DUS,"Produk jadi",206,"OGB & PH",78390
IN6294BRG0002,IN6294,2003-05-22,CUST55711,BRG0002,98,2338,"APOTEK MAJA",CAB02,Kuningan,TD,Apotek,"ALERGINE TABLET SALUT",DUS,"Produk jadi",203,ETIKAL,229124
IN6012BRG0003,IN6012,2016-06-22,CUST55712,BRG0003,5,10691,"KLINIK GM",CAB03,Jakarta,TA,Klinik,AMPICILLIN,BOTOL,"Produk jadi",210,MARCKS,53455
IN6106BRG0004,IN6106,2030-04-22,CUST55713,BRG0004,4,8701,"APOTEK MERDEKA",CAB04,Bandung,EPM,Apotek,"TRAMADOL KAPSUL 50 MG",KAPSUL,"Produk jadi",201,VNS,34804
IN5984BRG0005,IN5984,2001-05-22,CUST55714,BRG0005,8,5648,"KLINIK SAHABAT",CAB05,Tangerang,TD,Klinik,"KLORPROMAZINA TABLET SALUT SELAPUT 100 MG",TABLET,"Produk jadi",203,SLCYL,45184
IN6007BRG0006,IN6007,2002-05-22,CUST55715,BRG0006,9,2819,"APOTEK SINAR JAYA",CAB06,Bekasi,TD,Apotek,"KETOCONAZOLE TABLET 200 MG",TABLET,"Produk jadi",205,"OGB & PH",25371
IN6115BRG0007,IN6115,2003-05-22,CUST55716,BRG0007,10,4592,"APOTEK SAHABAT",CAB07,Padang,TA,Apotek,"ERGOTAMINE COFFEINE",BOTOL,"Produk jadi",206,ETIKAL,45920
IN6000BRG0008,IN6000,2016-06-22,CUST55717,BRG0008,7,3992,"APOTEK TAPAK",CAB01,Aceh,EPM,Apotek,"TETRACYCLINE KAPSUL 250 MG",KAPSUL,"Produk jadi",204,MARCKS,27944
IN6097BRG0009,IN6097,2030-04-22,CUST55718,BRG0009,100,5781,"APOTEK MAJA",CAB02,Kuningan,TD,Apotek,"AMBROXOL HC",BOTOL,"Produk jadi",207,VNS,578100
IN5989BRG0010,IN5989,2001-05-22,CUST55719,BRG0010,67,6940,"KLINIK GM",CAB03,Jakarta,TA,Klinik,PARACETAMOL,BOTOL,"Produk jadi",208,SLCYL,464980
IN6151BRG0001,IN6151,2002-05-22,CUST55720,BRG0001,78,1170,"APOTEK MERDEKA",CAB04,Bandung,EPM,Apotek,"ACYCLOVIR DUS",DUS,"Produk jadi",206,"OGB & PH",91260
IN6037BRG0002,IN6037,2003-05-22,CUST55721,BRG0002,45,2338,"KLINIK SAHABAT",CAB05,Tangerang,TD,Klinik,"ALERGINE TABLET SALUT",DUS,"Produk jadi",203,ETIKAL,105210
IN6165BRG0003,IN6165,2016-06-22,CUST55722,BRG0003,34,10691,"APOTEK SINAR JAYA",CAB06,Bekasi,TA,Apotek,AMPICILLIN,BOTOL,"Produk jadi",210,MARCKS,363494
IN6101BRG0004,IN6101,2030-04-22,CUST55723,BRG0004,20,8701,"APOTEK SAHABAT",CAB07,Padang,EPM,Apotek,"TRAMADOL KAPSUL 50 MG",KAPSUL,"Produk jadi",201,VNS,174020
IN6142BRG0005,IN6142,2001-05-22,CUST55724,BRG0005,45,5648,"KLINIK DR. ANDRI",CAB08,Lampung,TD,Klinik,"KLORPROMAZINA TABLET SALUT SELAPUT 100 MG",TABLET,"Produk jadi",203,SLCYL,254160
IN6312BRG0006,IN6312,2002-05-22,CUST55725,BRG0006,34,2819,"APOTEK TAPAK",CAB01,Aceh,TD,Apotek,"KETOCONAZOLE TABLET 200 MG",TABLET,"Produk jadi",205,"OGB & PH",95846
IN6112BRG0007,IN6112,2003-05-22,CUST55726,BRG0007,34,4592,"APOTEK MAJA",CAB02,Kuningan,TA,Apotek,"ERGOTAMINE COFFEINE",BOTOL,"Produk jadi",206,ETIKAL,156128
IN6204BRG0008,IN6204,2016-06-22,CUST55727,BRG0008,34,3992,"KLINIK GM",CAB03,Jakarta,EPM,Klinik,"TETRACYCLINE KAPSUL 250 MG",KAPSUL,"Produk jadi",204,MARCKS,135728
IN6304BRG0009,IN6304,2030-04-22,CUST55728,BRG0009,44,5781,"APOTEK MERDEKA",CAB04,Bandung,TD,Apotek,"AMBROXOL HC",BOTOL,"Produk jadi",207,VNS,254364
IN6004BRG0010,IN6004,2001-05-22,CUST55729,BRG0010,5,6940,"KLINIK SAHABAT",CAB05,Tangerang,TA,Klinik,PARACETAMOL,BOTOL,"Produk jadi",208,SLCYL,34700
