id_penjualan,id_distributor,id_invoice,tanggal,id_customer,id_barang,jumlah_barang,unit,harga,mata_uang,level,nama,id_cabang_sales,cabang_sales,grup,kode_barang,nama_barang,kemasan,nama_tipe,kode_lini,lini
IN5997BRG0001,TD,IN5997,2020-01-22,CUST55380,BRG0001,1,DUS,1170,IDR,Company,"APOTEK TAPAK",CAB01,Aceh,Apotek,BRG0001,"ACYCLOVIR DUS",DUS,"Produk jadi",206,"OGB & PH"
IN6297BRG0002,TD,IN6297,2020-01-22,CUST55381,BRG0002,5,DUS,2338,IDR,Company,"APOTEK MAJA",CAB02,Kuningan,Apotek,BRG0002,"ALERGINE TABLET SALUT",DUS,"Produk jadi",203,ETIKAL
IN6155BRG0003,TA,IN6155,2021-01-22,CUST55382,BRG0003,9,DUS,10691,IDR,Company,"KLINIK GM",CAB03,Jakarta,Klinik,BRG0003,AMPICILLIN,BOTOL,"Produk jadi",210,MARCKS
IN6144BRG0004,EPM,IN6144,2022-01-22,CUST55383,BRG0004,13,DUS,8701,IDR,Company,"APOTEK MERDEKA",CAB04,Bandung,Apotek,BRG0004,"TRAMADOL KAPSUL 50 MG",KAPSUL,"Produk jadi",201,VNS
IN6280BRG0005,TD,IN6280,2023-01-22,CUST55384,BRG0005,1,DUS,5648,IDR,Company,"KLINIK SAHABAT",CAB05,Tangerang,Klinik,BRG0005,"KLORPROMAZINA TABLET SALUT SELAPUT 100 MG",TABLET,"Produk jadi",203,SLCYL
IN6052BRG0006,TA,IN6052,2023-01-22,CUST55385,BRG0006,5,DUS,2819,IDR,Company,"APOTEK SINAR JAYA",CAB06,Bekasi,Apotek,BRG0006,"KETOCONAZOLE TABLET 200 MG",TABLET,"Produk jadi",205,"OGB & PH"
IN6089BRG0007,EPM,IN6089,2025-01-22,CUST55386,BRG0007,9,DUS,4592,IDR,Company,"APOTEK SAHABAT",CAB07,Padang,Apotek,BRG0007,"ERGOTAMINE COFFEINE",BOTOL,"Produk jadi",206,ETIKAL
IN6251BRG0008,TD,IN6251,2023-01-22,CUST55387,BRG0008,1,DUS,3992,IDR,Company,"APOTEK TAPAK",CAB01,Aceh,Apotek,BRG0008,"TETRACYCLINE KAPSUL 250 MG",KAPSUL,"Produk jadi",204,MARCKS
IN6036BRG0009,TA,IN6036,2027-01-22,CUST55388,BRG0009,23,DUS,5781,IDR,Company,"APOTEK MAJA",CAB02,Kuningan,Apotek,BRG0009,"AMBROXOL HC",BOTOL,"Produk jadi",207,VNS
IN6029BRG0010,EPM,IN6029,2028-01-22,CUST55389,BRG0010,4,DUS,6940,IDR,Company,"KLINIK GM",CAB03,Jakarta,Klinik,BRG0010,PARACETAMOL,BOTOL,"Produk jadi",208,SLCYL
IN6190BRG0001,TD,IN6190,2023-01-22,CUST55390,BRG0001,2,DUS,1170,IDR,Company,"APOTEK MERDEKA",CAB04,Bandung,Apotek,BRG0001,"ACYCLOVIR DUS",DUS,"Produk jadi",206,"OGB & PH"
IN6287BRG0002,TD,IN6287,2030-01-22,CUST55391,BRG0002,17,DUS,2338,IDR,Company,"KLINIK SAHABAT",CAB05,Tangerang,Klinik,BRG0002,"ALERGINE TABLET SALUT",DUS,"Produk jadi",203,ETIKAL
IN6102BRG0003,TA,IN6102,2031-01-22,CUST55392,BRG0003,11,DUS,10691,IDR,Company,"APOTEK SINAR JAYA",CAB06,Bekasi,Apotek,BRG0003,AMPICILLIN,BOTOL,"Produk jadi",210,MARCKS
IN6301BRG0004,EPM,IN6301,2001-02-22,CUST55393,BRG0004,12,DUS,8701,IDR,Company,"APOTEK SAHABAT",CAB07,Padang,Apotek,BRG0004,"TRAMADOL KAPSUL 50 MG",KAPSUL,"Produk jadi",201,VNS
IN6024BRG0005,TD,IN6024,2027-01-22,CUST55394,BRG0005,12,DUS,5648,IDR,Company,"KLINIK DR. ANDRI",CAB08,Lampung,Klinik,BRG0005,"KLORPROMAZINA TABLET SALUT SELAPUT 100 MG",TABLET,"Produk jadi",203,SLCYL
IN6184BRG0006,TA,IN6184,2028-01-22,CUST55395,BRG0006,25,DUS,2819,IDR,Company,"APOTEK TAPAK",CAB01,Aceh,Apotek,BRG0006,"KETOCONAZOLE TABLET 200 MG",TABLET,"Produk jadi",205,"OGB & PH"
IN6307BRG0007,EPM,IN6307,2023-01-22,CUST55396,BRG0007,14,DUS,4592,IDR,Company,"APOTEK MAJA",CAB02,Kuningan,Apotek,BRG0007,"ERGOTAMINE COFFEINE",BOTOL,"Produk jadi",206,ETIKAL
IN6245BRG0008,TD,IN6245,2030-01-22,CUST55397,BRG0008,34,DUS,3992,IDR,Company,"KLINIK GM",CAB03,Jakarta,Klinik,BRG0008,"TETRACYCLINE KAPSUL 250 MG",KAPSUL,"Produk jadi",204,MARCKS
IN6195BRG0009,TA,IN6195,2031-01-22,CUST55398,BRG0009,67,DUS,5781,IDR,Company,"APOTEK MERDEKA",CAB04,Bandung,Apotek,BRG0009,"AMBROXOL HC",BOTOL,"Produk jadi",207,VNS
IN6023BRG0010,EPM,IN6023,2001-02-22,CUST55399,BRG0010,15,DUS,6940,IDR,Company,"KLINIK SAHABAT",CAB05,Tangerang,Klinik,BRG0010,PARACETAMOL,BOTOL,"Produk jadi",208,SLCYL
IN6113BRG0001,TD,IN6113,2027-01-22,CUST55400,BRG0001,12,DUS,1170,IDR,Company,"APOTEK SINAR JAYA",CAB06,Bekasi,Apotek,BRG0001,"ACYCLOVIR DUS",DUS,"Produk jadi",206,"OGB & PH"
IN6141BRG0002,TD,IN6141,2028-01-22,CUST55401,BRG0002,25,DUS,2338,IDR,Company,"APOTEK SAHABAT",CAB07,Padang,Apotek,BRG0002,"ALERGINE TABLET SALUT",DUS,"Produk jadi",203,ETIKAL
IN6125BRG0003,TA,IN6125,2023-01-22,CUST55402,BRG0003,14,DUS,10691,IDR,Company,"APOTEK TAPAK",CAB01,Aceh,Apotek,BRG0003,AMPICILLIN,BOTOL,"Produk jadi",210,MARCKS
IN6176BRG0004,EPM,IN6176,2030-01-22,CUST55403,BRG0004,18,DUS,8701,IDR,Company,"APOTEK MAJA",CAB02,Kuningan,Apotek,BRG0004,"TRAMADOL KAPSUL 50 MG",KAPSUL,"Produk jadi",201,VNS
IN6175BRG0005,TD,IN6175,2031-01-22,CUST55404,BRG0005,18,DUS,5648,IDR,Company,"KLINIK GM",CAB03,Jakarta,Klinik,BRG0005,"KLORPROMAZINA TABLET SALUT SELAPUT 100 MG",TABLET,"Produk jadi",203,SLCYL
IN6259BRG0006,TA,IN6259,2001-02-22,CUST55405,BRG0006,19,DUS,2819,IDR,Company,"APOTEK MERDEKA",CAB04,Bandung,Apotek,BRG0006,"KETOCONAZOLE TABLET 200 MG",TABLET,"Produk jadi",205,"OGB & PH"
IN6173BRG0001,EPM,IN6173,2027-01-22,CUST55406,BRG0001,12,DUS,4592,IDR,Company,"KLINIK SAHABAT",CAB05,Tangerang,Klinik,BRG0001,"ACYCLOVIR DUS",DUS,"Produk jadi",206,"OGB & PH"
IN6013BRG0002,TD,IN6013,2028-01-22,CUST55407,BRG0002,25,DUS,3992,IDR,Company,"APOTEK SINAR JAYA",CAB06,Bekasi,Apotek,BRG0002,"ALERGINE TABLET SALUT",DUS,"Produk jadi",203,ETIKAL
IN6086BRG0003,TD,IN6086,2023-01-22,CUST55408,BRG0003,14,DUS,5781,IDR,Company,"APOTEK SAHABAT",CAB07,Padang,Apotek,BRG0003,AMPICILLIN,BOTOL,"Produk jadi",210,MARCKS
IN6108BRG0004,TA,IN6108,2030-01-22,CUST55409,BRG0004,21,DUS,6940,IDR,Company,"KLINIK DR. ANDRI",CAB08,Lampung,Klinik,BRG0004,"TRAMADOL KAPSUL 50 MG",KAPSUL,"Produk jadi",201,VNS
IN6321BRG0001,EPM,IN6321,2031-01-22,CUST55410,BRG0001,22,DUS,1170,IDR,Company,"APOTEK TAPAK",CAB01,Aceh,Apotek,BRG0001,"ACYCLOVIR DUS",DUS,"Produk jadi",206,"OGB & PH"
IN5994BRG0002,TD,IN5994,2001-02-22,CUST55411,BRG0002,12,DUS,2338,IDR,Company,"APOTEK MAJA",CAB02,Kuningan,Apotek,BRG0002,"ALERGINE TABLET SALUT",DUS,"Produk jadi",203,ETIKAL
IN6146BRG0003,TA,IN6146,2027-01-22,CUST55412,BRG0003,25,DUS,10691,IDR,Company,"KLINIK GM",CAB03,Jakarta,Klinik,BRG0003,AMPICILLIN,BOTOL,"Produk jadi",210,MARCKS
IN6230BRG0004,EPM,IN6230,2028-01-22,CUST55413,BRG0004,14,DUS,8701,IDR,Company,"APOTEK MERDEKA",CAB04,Bandung,Apotek,BRG0004,"TRAMADOL KAPSUL 50 MG",KAPSUL,"Produk jadi",201,VNS
IN5991BRG0005,TD,IN5991,2023-01-22,CUST55414,BRG0005,24,DUS,5648,IDR,Company,"KLINIK SAHABAT",CAB05,Tangerang,Klinik,BRG0005,"KLORPROMAZINA TABLET SALUT SELAPUT 100 MG",TABLET,"Produk jadi",203,SLCYL
IN6281BRG0006,TA,IN6281,2030-01-22,CUST55415,BRG0006,10,DUS,2819,IDR,Company,"APOTEK SINAR JAYA",CAB06,Bekasi,Apotek,BRG0006,"KETOCONAZOLE TABLET 200 MG",TABLET,"Produk jadi",205,"OGB & PH"
IN6226BRG0007,EPM,IN6226,2031-01-22,CUST55416,BRG0007,23,DUS,4592,IDR,Company,"APOTEK SAHABAT",CAB07,Padang,Apotek,BRG0007,"ERGOTAMINE COFFEINE",BOTOL,"Produk jadi",206,ETIKAL
IN6063BRG0008,TD,IN6063,2001-02-22,CUST55417,BRG0008,12,DUS,3992,IDR,Company,"APOTEK TAPAK",CAB01,Aceh,Apotek,BRG0008,"TETRACYCLINE KAPSUL 250 MG",KAPSUL,"Produk jadi",204,MARCKS
IN6131BRG0009,TD,IN6131,2027-01-22,CUST55418,BRG0009,10,DUS,5781,IDR,Company,"APOTEK MAJA",CAB02,Kuningan,Apotek,BRG0009,"AMBROXOL HC",BOTOL,"Produk jadi",207,VNS
IN6262BRG0010,TA,IN6262,2028-01-22,CUST55419,BRG0010,67,DUS,6940,IDR,Company,"KLINIK GM",CAB03,Jakarta,Klinik,BRG0010,PARACETAMOL,BOTOL,"Produk jadi",208,SLCYL
IN6028BRG0001,EPM,IN6028,2023-01-22,CUST55420,BRG0001,98,DUS,1170,IDR,Company,"APOTEK MERDEKA",CAB04,Bandung,Apotek,BRG0001,"ACYCLOVIR DUS",DUS,"Produk jadi",206,"OGB & PH"
IN6163BRG0002,TD,IN6163,2030-01-22,CUST55421,BRG0002,5,DUS,2338,IDR,Company,"KLINIK SAHABAT",CAB05,Tangerang,Klinik,BRG0002,"ALERGINE TABLET SALUT",DUS,"Produk jadi",203,ETIKAL
IN6191BRG0003,TA,IN6191,2031-01-22,CUST55422,BRG0003,4,DUS,10691,IDR,Company,"APOTEK SINAR JAYA",CAB06,Bekasi,Apotek,BRG0003,AMPICILLIN,BOTOL,"Produk jadi",210,MARCKS
IN6274BRG0004,EPM,IN6274,2001-02-22,CUST55423,BRG0004,8,DUS,8701,IDR,Company,"APOTEK SAHABAT",CAB07,Padang,Apotek,BRG0004,"TRAMADOL KAPSUL 50 MG",KAPSUL,"Produk jadi",201,VNS
IN6003BRG0005,TD,IN6003,2027-01-22,CUST55424,BRG0005,9,DUS,5648,IDR,Company,"KLINIK DR. ANDRI",CAB08,Lampung,Klinik,BRG0005,"KLORPROMAZINA TABLET SALUT SELAPUT 100 MG",TABLET,"Produk jadi",203,SLCYL
IN6247BRG0006,TA,IN6247,2028-01-22,CUST55425,BRG0006,10,DUS,2819,IDR,Company,"APOTEK TAPAK",CAB01,Aceh,Apotek,BRG0006,"KETOCONAZOLE TABLET 200 MG",TABLET,"Produk jadi",205,"OGB & PH"
IN6311BRG0007,EPM,IN6311,2023-01-22,CUST55426,BRG0007,7,DUS,4592,IDR,Company,"APOTEK MAJA",CAB02,Kuningan,Apotek,BRG0007,"ERGOTAMINE COFFEINE",BOTOL,"Produk jadi",206,ETIKAL
IN6248BRG0008,TD,IN6248,2030-01-22,CUST55427,BRG0008,100,DUS,3992,IDR,Company,"KLINIK GM",CAB03,Jakarta,Klinik,BRG0008,"TETRACYCLINE KAPSUL 250 MG",KAPSUL,"Produk jadi",204,MARCKS
IN6042BRG0009,TD,IN6042,2031-01-22,CUST55428,BRG0009,67,DUS,5781,IDR,Company,"APOTEK MERDEKA",CAB04,Bandung,Apotek,BRG0009,"AMBROXOL HC",BOTOL,"Produk jadi",207,VNS
IN6133BRG0010,TA,IN6133,2001-02-22,CUST55429,BRG0010,78,DUS,6940,IDR,Company,"KLINIK SAHABAT",CAB05,Tangerang,Klinik,BRG0010,PARACETAMOL,BOTOL,"Produk jadi",208,SLCYL
IN6306BRG0001,EPM,IN6306,2027-01-22,CUST55430,BRG0001,45,DUS,1170,IDR,Company,"APOTEK SINAR JAYA",CAB06,Bekasi,Apotek,BRG0001,"ACYCLOVIR DUS",DUS,"Produk jadi",206,"OGB & PH"
IN6253BRG0002,TD,IN6253,2028-01-22,CUST55431,BRG0002,34,DUS,2338,IDR,Company,"APOTEK SAHABAT",CAB07,Padang,Apotek,BRG0002,"ALERGINE TABLET SALUT",DUS,"Produk jadi",203,ETIKAL
IN5980BRG0003,TA,IN5980,2023-01-22,CUST55432,BRG0003,20,DUS,10691,IDR,Company,"APOTEK TAPAK",CAB01,Aceh,Apotek,BRG0003,AMPICILLIN,BOTOL,"Produk jadi",210,MARCKS
IN6104BRG0004,EPM,IN6104,2030-01-22,CUST55433,BRG0004,45,DUS,8701,IDR,Company,"APOTEK MAJA",CAB02,Kuningan,Apotek,BRG0004,"TRAMADOL KAPSUL 50 MG",KAPSUL,"Produk jadi",201,VNS
IN6050BRG0005,TD,IN6050,2031-01-22,CUST55434,BRG0005,34,DUS,5648,IDR,Company,"KLINIK GM",CAB03,Jakarta,Klinik,BRG0005,"KLORPROMAZINA TABLET SALUT SELAPUT 100 MG",TABLET,"Produk jadi",203,SLCYL
IN6054BRG0006,TD,IN6054,2001-02-22,CUST55435,BRG0006,34,DUS,2819,IDR,Company,"APOTEK MERDEKA",CAB04,Bandung,Apotek,BRG0006,"KETOCONAZOLE TABLET 200 MG",TABLET,"Produk jadi",205,"OGB & PH"
IN6219BRG0001,TA,IN6219,2027-01-22,CUST55436,BRG0001,34,DUS,4592,IDR,Company,"KLINIK SAHABAT",CAB05,Tangerang,Klinik,BRG0001,"ACYCLOVIR DUS",DUS,"Produk jadi",206,"OGB & PH"
IN6053BRG0002,EPM,IN6053,2028-01-22,CUST55437,BRG0002,44,DUS,3992,IDR,Company,"APOTEK SINAR JAYA",CAB06,Bekasi,Apotek,BRG0002,"ALERGINE TABLET SALUT",DUS,"Produk jadi",203,ETIKAL
IN6217BRG0003,TD,IN6217,2023-01-22,CUST55438,BRG0003,5,DUS,5781,IDR,Company,"APOTEK SAHABAT",CAB07,Padang,Apotek,BRG0003,AMPICILLIN,BOTOL,"Produk jadi",210,MARCKS
IN6323BRG0004,TA,IN6323,2030-01-22,CUST55439,BRG0004,6,DUS,6940,IDR,Company,"KLINIK DR. ANDRI",CAB08,Lampung,Klinik,BRG0004,"TRAMADOL KAPSUL 50 MG",KAPSUL,"Produk jadi",201,VNS
IN6241BRG0001,EPM,IN6241,2031-01-22,CUST55440,BRG0001,79,DUS,1170,IDR,Company,"APOTEK TAPAK",CAB01,Aceh,Apotek,BRG0001,"ACYCLOVIR DUS",DUS,"Produk jadi",206,"OGB & PH"
IN6134BRG0002,TD,IN6134,2001-02-22,CUST55441,BRG0002,12,DUS,2338,IDR,Company,"APOTEK MAJA",CAB02,Kuningan,Apotek,BRG0002,"ALERGINE TABLET SALUT",DUS,"Produk jadi",203,ETIKAL
IN6124BRG0003,TA,IN6124,2027-01-22,CUST55442,BRG0003,95,DUS,10691,IDR,Company,"KLINIK GM",CAB03,Jakarta,Klinik,BRG0003,AMPICILLIN,BOTOL,"Produk jadi",210,MARCKS
IN5981BRG0004,EPM,IN5981,2028-01-22,CUST55443,BRG0004,76,DUS,8701,IDR,Company,"APOTEK MERDEKA",CAB04,Bandung,Apotek,BRG0004,"TRAMADOL KAPSUL 50 MG",KAPSUL,"Produk jadi",201,VNS
IN6220BRG0005,TD,IN6220,2023-01-22,CUST55444,BRG0005,48,DUS,5648,IDR,Company,"KLINIK SAHABAT",CAB05,Tangerang,Klinik,BRG0005,"KLORPROMAZINA TABLET SALUT SELAPUT 100 MG",TABLET,"Produk jadi",203,SLCYL
IN6122BRG0006,TD,IN6122,2030-01-22,CUST55445,BRG0006,21,DUS,2819,IDR,Company,"APOTEK SINAR JAYA",CAB06,Bekasi,Apotek,BRG0006,"KETOCONAZOLE TABLET 200 MG",TABLET,"Produk jadi",205,"OGB & PH"
IN6255BRG0007,TA,IN6255,2031-01-22,CUST55446,BRG0007,22,DUS,4592,IDR,Company,"APOTEK SAHABAT",CAB07,Padang,Apotek,BRG0007,"ERGOTAMINE COFFEINE",BOTOL,"Produk jadi",206,ETIKAL
IN6005BRG0008,EPM,IN6005,2001-02-22,CUST55447,BRG0008,12,DUS,3992,IDR,Company,"APOTEK TAPAK",CAB01,Aceh,Apotek,BRG0008,"TETRACYCLINE KAPSUL 250 MG",KAPSUL,"Produk jadi",204,MARCKS
IN6327BRG0009,TD,IN6327,2027-01-22,CUST55448,BRG0009,25,DUS,5781,IDR,Company,"APOTEK MAJA",CAB02,Kuningan,Apotek,BRG0009,"AMBROXOL HC",BOTOL,"Produk jadi",207,VNS
IN6119BRG0010,TA,IN6119,2028-01-22,CUST55449,BRG0010,14,DUS,6940,IDR,Company,"KLINIK GM",CAB03,Jakarta,Klinik,BRG0010,PARACETAMOL,BOTOL,"Produk jadi",208,SLCYL
IN6233BRG0001,EPM,IN6233,2023-01-22,CUST55450,BRG0001,24,DUS,1170,IDR,Company,"APOTEK MERDEKA",CAB04,Bandung,Apotek,BRG0001,"ACYCLOVIR DUS",DUS,"Produk jadi",206,"OGB & PH"
IN6235BRG0002,TD,IN6235,2030-01-22,CUST55451,BRG0002,10,DUS,2338,IDR,Company,"KLINIK SAHABAT",CAB05,Tangerang,Klinik,BRG0002,"ALERGINE TABLET SALUT",DUS,"Produk jadi",203,ETIKAL
IN6263BRG0003,TA,IN6263,2031-01-22,CUST55452,BRG0003,130,DUS,10691,IDR,Company,"APOTEK SINAR JAYA",CAB06,Bekasi,Apotek,BRG0003,AMPICILLIN,BOTOL,"Produk jadi",210,MARCKS
IN6269BRG0004,EPM,IN6269,2001-02-22,CUST55453,BRG0004,12,DUS,8701,IDR,Company,"APOTEK SAHABAT",CAB07,Padang,Apotek,BRG0004,"TRAMADOL KAPSUL 50 MG",KAPSUL,"Produk jadi",201,VNS
IN6188BRG0005,TD,IN6188,2027-01-22,CUST55454,BRG0005,10,DUS,5648,IDR,Company,"KLINIK DR. ANDRI",CAB08,Lampung,Klinik,BRG0005,"KLORPROMAZINA TABLET SALUT SELAPUT 100 MG",TABLET,"Produk jadi",203,SLCYL
IN6116BRG0006,TD,IN6116,2028-01-22,CUST55455,BRG0006,67,DUS,2819,IDR,Company,"APOTEK TAPAK",CAB01,Aceh,Apotek,BRG0006,"KETOCONAZOLE TABLET 200 MG",TABLET,"Produk jadi",205,"OGB & PH"
IN6216BRG0007,TA,IN6216,2023-01-22,CUST55456,BRG0007,98,DUS,4592,IDR,Company,"APOTEK MAJA",CAB02,Kuningan,Apotek,BRG0007,"ERGOTAMINE COFFEINE",BOTOL,"Produk jadi",206,ETIKAL
IN6099BRG0008,EPM,IN6099,2030-01-22,CUST55457,BRG0008,5,DUS,3992,IDR,Company,"KLINIK GM",CAB03,Jakarta,Klinik,BRG0008,"TETRACYCLINE KAPSUL 250 MG",KAPSUL,"Produk jadi",204,MARCKS
IN6326BRG0009,TD,IN6326,2031-01-22,CUST55458,BRG0009,4,DUS,5781,IDR,Company,"APOTEK MERDEKA",CAB04,Bandung,Apotek,BRG0009,"AMBROXOL HC",BOTOL,"Produk jadi",207,VNS
IN6267BRG0010,TA,IN6267,2001-02-22,CUST55459,BRG0010,8,DUS,6940,IDR,Company,"KLINIK SAHABAT",CAB05,Tangerang,Klinik,BRG0010,PARACETAMOL,BOTOL,"Produk jadi",208,SLCYL
IN6238BRG0001,EPM,IN6238,2027-01-22,CUST55460,BRG0001,9,DUS,1170,IDR,Company,"APOTEK SINAR JAYA",CAB06,Bekasi,Apotek,BRG0001,"ACYCLOVIR DUS",DUS,"Produk jadi",206,"OGB & PH"
IN6214BRG0002,TD,IN6214,2028-01-22,CUST55461,BRG0002,21,DUS,2338,IDR,Company,"APOTEK SAHABAT",CAB07,Padang,Apotek,BRG0002,"ALERGINE TABLET SALUT",DUS,"Produk jadi",203,ETIKAL
IN6318BRG0003,TD,IN6318,2023-01-22,CUST55462,BRG0003,22,DUS,10691,IDR,Company,"APOTEK TAPAK",CAB01,Aceh,Apotek,BRG0003,AMPICILLIN,BOTOL,"Produk jadi",210,MARCKS
IN6256BRG0004,TA,IN6256,2030-01-22,CUST55463,BRG0004,12,DUS,8701,IDR,Company,"APOTEK MAJA",CAB02,Kuningan,Apotek,BRG0004,"TRAMADOL KAPSUL 50 MG",KAPSUL,"Produk jadi",201,VNS
IN6048BRG0005,EPM,IN6048,2031-01-22,CUST55464,BRG0005,25,DUS,5648,IDR,Company,"KLINIK GM",CAB03,Jakarta,Klinik,BRG0005,"KLORPROMAZINA TABLET SALUT SELAPUT 100 MG",TABLET,"Produk jadi",203,SLCYL
IN6120BRG0006,TD,IN6120,2001-02-22,CUST55465,BRG0006,14,DUS,2819,IDR,Company,"APOTEK MERDEKA",CAB04,Bandung,Apotek,BRG0006,"KETOCONAZOLE TABLET 200 MG",TABLET,"Produk jadi",205,"OGB & PH"
IN6161BRG0001,TA,IN6161,2027-01-22,CUST55466,BRG0001,24,DUS,4592,IDR,Company,"KLINIK SAHABAT",CAB05,Tangerang,Klinik,BRG0001,"ACYCLOVIR DUS",DUS,"Produk jadi",206,"OGB & PH"
IN6292BRG0002,EPM,IN6292,2028-01-22,CUST55467,BRG0002,10,DUS,3992,IDR,Company,"APOTEK SINAR JAYA",CAB06,Bekasi,Apotek,BRG0002,"ALERGINE TABLET SALUT",DUS,"Produk jadi",203,ETIKAL
IN6286BRG0003,TD,IN6286,2023-01-22,CUST55468,BRG0003,120,DUS,5781,IDR,Company,"APOTEK SAHABAT",CAB07,Padang,Apotek,BRG0003,AMPICILLIN,BOTOL,"Produk jadi",210,MARCKS
IN6008BRG0004,TA,IN6008,2030-01-22,CUST55469,BRG0004,12,DUS,6940,IDR,Company,"KLINIK DR. ANDRI",CAB08,Lampung,Klinik,BRG0004,"TRAMADOL KAPSUL 50 MG",KAPSUL,"Produk jadi",201,VNS
IN6040BRG0001,EPM,IN6040,2031-01-22,CUST55470,BRG0001,10,DUS,1170,IDR,Company,"APOTEK TAPAK",CAB01,Aceh,Apotek,BRG0001,"ACYCLOVIR DUS",DUS,"Produk jadi",206,"OGB & PH"
IN6084BRG0002,TD,IN6084,2001-02-22,CUST55471,BRG0002,67,DUS,2338,IDR,Company,"APOTEK MAJA",CAB02,Kuningan,Apotek,BRG0002,"ALERGINE TABLET SALUT",DUS,"Produk jadi",203,ETIKAL
IN6074BRG0003,TD,IN6074,2027-01-22,CUST55472,BRG0003,98,DUS,10691,IDR,Company,"KLINIK GM",CAB03,Jakarta,Klinik,BRG0003,AMPICILLIN,BOTOL,"Produk jadi",210,MARCKS
IN6200BRG0004,TA,IN6200,2028-01-22,CUST55473,BRG0004,5,DUS,8701,IDR,Company,"APOTEK MERDEKA",CAB04,Bandung,Apotek,BRG0004,"TRAMADOL KAPSUL 50 MG",KAPSUL,"Produk jadi",201,VNS
IN6065BRG0005,EPM,IN6065,2023-01-22,CUST55474,BRG0005,4,DUS,5648,IDR,Company,"KLINIK SAHABAT",CAB05,Tangerang,Klinik,BRG0005,"KLORPROMAZINA TABLET SALUT SELAPUT 100 MG",TABLET,"Produk jadi",203,SLCYL
IN6208BRG0006,TD,IN6208,2030-01-22,CUST55475,BRG0006,8,DUS,2819,IDR,Company,"APOTEK SINAR JAYA",CAB06,Bekasi,Apotek,BRG0006,"KETOCONAZOLE TABLET 200 MG",TABLET,"Produk jadi",205,"OGB & PH"
IN6148BRG0007,TA,IN6148,2031-01-22,CUST55476,BRG0007,9,DUS,4592,IDR,Company,"APOTEK SAHABAT",CAB07,Padang,Apotek,BRG0007,"ERGOTAMINE COFFEINE",BOTOL,"Produk jadi",206,ETIKAL
IN6072BRG0008,EPM,IN6072,2001-02-22,CUST55477,BRG0008,1,DUS,3992,IDR,Company,"APOTEK TAPAK",CAB01,Aceh,Apotek,BRG0008,"TETRACYCLINE KAPSUL 250 MG",KAPSUL,"Produk jadi",204,MARCKS
IN6095BRG0009,TD,IN6095,2027-01-22,CUST55478,BRG0009,5,DUS,5781,IDR,Company,"APOTEK MAJA",CAB02,Kuningan,Apotek,BRG0009,"AMBROXOL HC",BOTOL,"Produk jadi",207,VNS
IN6049BRG0010,TA,IN6049,2028-01-22,CUST55479,BRG0010,9,DUS,6940,IDR,Company,"KLINIK GM",CAB03,Jakarta,Klinik,BRG0010,PARACETAMOL,BOTOL,"Produk jadi",208,SLCYL
IN6039BRG0001,EPM,IN6039,2023-01-22,CUST55480,BRG0001,13,DUS,1170,IDR,Company,"APOTEK MERDEKA",CAB04,Bandung,Apotek,BRG0001,"ACYCLOVIR DUS",DUS,"Produk jadi",206,"OGB & PH"
IN6276BRG0002,TD,IN6276,2030-01-22,CUST55481,BRG0002,1,DUS,2338,IDR,Company,"KLINIK SAHABAT",CAB05,Tangerang,Klinik,BRG0002,"ALERGINE TABLET SALUT",DUS,"Produk jadi",203,ETIKAL
IN6015BRG0003,TD,IN6015,2031-01-22,CUST55482,BRG0003,5,DUS,10691,IDR,Company,"APOTEK SINAR JAYA",CAB06,Bekasi,Apotek,BRG0003,AMPICILLIN,BOTOL,"Produk jadi",210,MARCKS
IN6185BRG0004,TA,IN6185,2001-02-22,CUST55483,BRG0004,9,DUS,8701,IDR,Company,"APOTEK SAHABAT",CAB07,Padang,Apotek,BRG0004,"TRAMADOL KAPSUL 50 MG",KAPSUL,"Produk jadi",201,VNS
IN6258BRG0005,EPM,IN6258,2027-01-22,CUST55484,BRG0005,1,DUS,5648,IDR,Company,"KLINIK DR. ANDRI",CAB08,Lampung,Klinik,BRG0005,"KLORPROMAZINA TABLET SALUT SELAPUT 100 MG",TABLET,"Produk jadi",203,SLCYL
IN6070BRG0006,TD,IN6070,2028-01-22,CUST55485,BRG0006,23,DUS,2819,IDR,Company,"APOTEK TAPAK",CAB01,Aceh,Apotek,BRG0006,"KETOCONAZOLE TABLET 200 MG",TABLET,"Produk jadi",205,"OGB & PH"
IN6210BRG0007,TA,IN6210,2023-01-22,CUST55486,BRG0007,4,DUS,4592,IDR,Company,"APOTEK MAJA",CAB02,Kuningan,Apotek,BRG0007,"ERGOTAMINE COFFEINE",BOTOL,"Produk jadi",206,ETIKAL
IN6083BRG0008,EPM,IN6083,2030-01-22,CUST55487,BRG0008,2,DUS,3992,IDR,Company,"KLINIK GM",CAB03,Jakarta,Klinik,BRG0008,"TETRACYCLINE KAPSUL 250 MG",KAPSUL,"Produk jadi",204,MARCKS
IN6322BRG0009,TD,IN6322,2031-01-22,CUST55488,BRG0009,17,DUS,5781,IDR,Company,"APOTEK MERDEKA",CAB04,Bandung,Apotek,BRG0009,"AMBROXOL HC",BOTOL,"Produk jadi",207,VNS
IN6291BRG0010,TD,IN6291,2001-02-22,CUST55489,BRG0010,11,DUS,6940,IDR,Company,"KLINIK SAHABAT",CAB05,Tangerang,Klinik,BRG0010,PARACETAMOL,BOTOL,"Produk jadi",208,SLCYL
IN6062BRG0001,TA,IN6062,2027-01-22,CUST55490,BRG0001,12,DUS,1170,IDR,Company,"APOTEK SINAR JAYA",CAB06,Bekasi,Apotek,BRG0001,"ACYCLOVIR DUS",DUS,"Produk jadi",206,"OGB & PH"
IN6167BRG0002,EPM,IN6167,2028-01-22,CUST55491,BRG0002,12,DUS,2338,IDR,Company,"APOTEK SAHABAT",CAB07,Padang,Apotek,BRG0002,"ALERGINE TABLET SALUT",DUS,"Produk jadi",203,ETIKAL
IN6289BRG0003,TD,IN6289,2023-01-22,CUST55492,BRG0003,25,DUS,10691,IDR,Company,"APOTEK TAPAK",CAB01,Aceh,Apotek,BRG0003,AMPICILLIN,BOTOL,"Produk jadi",210,MARCKS
IN6305BRG0004,TA,IN6305,2030-01-22,CUST55493,BRG0004,14,DUS,8701,IDR,Company,"APOTEK MAJA",CAB02,Kuningan,Apotek,BRG0004,"TRAMADOL KAPSUL 50 MG",KAPSUL,"Produk jadi",201,VNS
IN6079BRG0005,EPM,IN6079,2031-01-22,CUST55494,BRG0005,34,DUS,5648,IDR,Company,"KLINIK GM",CAB03,Jakarta,Klinik,BRG0005,"KLORPROMAZINA TABLET SALUT SELAPUT 100 MG",TABLET,"Produk jadi",203,SLCYL
IN6320BRG0006,TD,IN6320,2001-02-22,CUST55495,BRG0006,67,DUS,2819,IDR,Company,"APOTEK MERDEKA",CAB04,Bandung,Apotek,BRG0006,"KETOCONAZOLE TABLET 200 MG",TABLET,"Produk jadi",205,"OGB & PH"
IN6103BRG0001,TA,IN6103,2027-01-22,CUST55496,BRG0001,15,DUS,4592,IDR,Company,"KLINIK SAHABAT",CAB05,Tangerang,Klinik,BRG0001,"ACYCLOVIR DUS",DUS,"Produk jadi",206,"OGB & PH"
IN6172BRG0002,EPM,IN6172,2028-01-22,CUST55497,BRG0002,12,DUS,3992,IDR,Company,"APOTEK SINAR JAYA",CAB06,Bekasi,Apotek,BRG0002,"ALERGINE TABLET SALUT",DUS,"Produk jadi",203,ETIKAL
IN6183BRG0003,TD,IN6183,2023-01-22,CUST55498,BRG0003,25,DUS,5781,IDR,Company,"APOTEK SAHABAT",CAB07,Padang,Apotek,BRG0003,AMPICILLIN,BOTOL,"Produk jadi",210,MARCKS
IN6278BRG0004,TD,IN6278,2030-01-22,CUST55499,BRG0004,14,DUS,6940,IDR,Company,"KLINIK DR. ANDRI",CAB08,Lampung,Klinik,BRG0004,"TRAMADOL KAPSUL 50 MG",KAPSUL,"Produk jadi",201,VNS
IN6186BRG0001,TA,IN6186,2031-01-22,CUST55500,BRG0001,18,DUS,1170,IDR,Company,"APOTEK TAPAK",CAB01,Aceh,Apotek,BRG0001,"ACYCLOVIR DUS",DUS,"Produk jadi",206,"OGB & PH"
IN6211BRG0002,EPM,IN6211,2001-02-22,CUST55501,BRG0002,18,DUS,2338,IDR,Company,"APOTEK MAJA",CAB02,Kuningan,Apotek,BRG0002,"ALERGINE TABLET SALUT",DUS,"Produk jadi",203,ETIKAL
IN6118BRG0003,TD,IN6118,2027-01-22,CUST55502,BRG0003,19,DUS,10691,IDR,Company,"KLINIK GM",CAB03,Jakarta,Klinik,BRG0003,AMPICILLIN,BOTOL,"Produk jadi",210,MARCKS
IN6162BRG0004,TA,IN6162,2028-01-22,CUST55503,BRG0004,12,DUS,8701,IDR,Company,"APOTEK MERDEKA",CAB04,Bandung,Apotek,BRG0004,"TRAMADOL KAPSUL 50 MG",KAPSUL,"Produk jadi",201,VNS
IN6221BRG0005,EPM,IN6221,2023-01-22,CUST55504,BRG0005,25,DUS,5648,IDR,Company,"KLINIK SAHABAT",CAB05,Tangerang,Klinik,BRG0005,"KLORPROMAZINA TABLET SALUT SELAPUT 100 MG",TABLET,"Produk jadi",203,SLCYL
IN6170BRG0006,TD,IN6170,2030-01-22,CUST55505,BRG0006,14,DUS,2819,IDR,Company,"APOTEK SINAR JAYA",CAB06,Bekasi,Apotek,BRG0006,"KETOCONAZOLE TABLET 200 MG",TABLET,"Produk jadi",205,"OGB & PH"
IN6045BRG0007,TA,IN6045,2031-01-22,CUST55506,BRG0007,21,DUS,4592,IDR,Company,"APOTEK SAHABAT",CAB07,Padang,Apotek,BRG0007,"ERGOTAMINE COFFEINE",BOTOL,"Produk jadi",206,ETIKAL
IN6300BRG0008,EPM,IN6300,2001-02-22,CUST55507,BRG0008,22,DUS,3992,IDR,Company,"APOTEK TAPAK",CAB01,Aceh,Apotek,BRG0008,"TETRACYCLINE KAPSUL 250 MG",KAPSUL,"Produk jadi",204,MARCKS
IN6228BRG0009,TD,IN6228,2027-01-22,CUST55508,BRG0009,12,DUS,5781,IDR,Company,"APOTEK MAJA",CAB02,Kuningan,Apotek,BRG0009,"AMBROXOL HC",BOTOL,"Produk jadi",207,VNS
IN6199BRG0010,TD,IN6199,2028-01-22,CUST55509,BRG0010,25,DUS,6940,IDR,Company,"KLINIK GM",CAB03,Jakarta,Klinik,BRG0010,PARACETAMOL,BOTOL,"Produk jadi",208,SLCYL
IN6215BRG0001,TA,IN6215,2023-01-22,CUST55510,BRG0001,14,DUS,1170,IDR,Company,"APOTEK MERDEKA",CAB04,Bandung,Apotek,BRG0001,"ACYCLOVIR DUS",DUS,"Produk jadi",206,"OGB & PH"
IN6107BRG0002,EPM,IN6107,2030-01-22,CUST55511,BRG0002,24,DUS,2338,IDR,Company,"KLINIK SAHABAT",CAB05,Tangerang,Klinik,BRG0002,"ALERGINE TABLET SALUT",DUS,"Produk jadi",203,ETIKAL
IN6152BRG0003,TD,IN6152,2031-01-22,CUST55512,BRG0003,10,DUS,10691,IDR,Company,"APOTEK SINAR JAYA",CAB06,Bekasi,Apotek,BRG0003,AMPICILLIN,BOTOL,"Produk jadi",210,MARCKS
IN6017BRG0004,TA,IN6017,2001-02-22,CUST55513,BRG0004,23,DUS,8701,IDR,Company,"APOTEK SAHABAT",CAB07,Padang,Apotek,BRG0004,"TRAMADOL KAPSUL 50 MG",KAPSUL,"Produk jadi",201,VNS
IN6299BRG0005,EPM,IN6299,2027-01-22,CUST55514,BRG0005,12,DUS,5648,IDR,Company,"KLINIK DR. ANDRI",CAB08,Lampung,Klinik,BRG0005,"KLORPROMAZINA TABLET SALUT SELAPUT 100 MG",TABLET,"Produk jadi",203,SLCYL
IN6064BRG0006,TD,IN6064,2028-01-22,CUST55515,BRG0006,10,DUS,2819,IDR,Company,"APOTEK TAPAK",CAB01,Aceh,Apotek,BRG0006,"KETOCONAZOLE TABLET 200 MG",TABLET,"Produk jadi",205,"OGB & PH"
IN6308BRG0007,TD,IN6308,2023-01-22,CUST55516,BRG0007,67,DUS,4592,IDR,Company,"APOTEK MAJA",CAB02,Kuningan,Apotek,BRG0007,"ERGOTAMINE COFFEINE",BOTOL,"Produk jadi",206,ETIKAL
IN6038BRG0008,TA,IN6038,2030-01-22,CUST55517,BRG0008,98,DUS,3992,IDR,Company,"KLINIK GM",CAB03,Jakarta,Klinik,BRG0008,"TETRACYCLINE KAPSUL 250 MG",KAPSUL,"Produk jadi",204,MARCKS
IN6130BRG0009,EPM,IN6130,2031-01-22,CUST55518,BRG0009,5,DUS,5781,IDR,Company,"APOTEK MERDEKA",CAB04,Bandung,Apotek,BRG0009,"AMBROXOL HC",BOTOL,"Produk jadi",207,VNS
IN6293BRG0010,TD,IN6293,2001-02-22,CUST55519,BRG0010,4,DUS,6940,IDR,Company,"KLINIK SAHABAT",CAB05,Tangerang,Klinik,BRG0010,PARACETAMOL,BOTOL,"Produk jadi",208,SLCYL
IN6205BRG0001,TA,IN6205,2027-01-22,CUST55520,BRG0001,8,DUS,1170,IDR,Company,"APOTEK SINAR JAYA",CAB06,Bekasi,Apotek,BRG0001,"ACYCLOVIR DUS",DUS,"Produk jadi",206,"OGB & PH"
IN6325BRG0002,EPM,IN6325,2028-01-22,CUST55521,BRG0002,9,DUS,2338,IDR,Company,"APOTEK SAHABAT",CAB07,Padang,Apotek,BRG0002,"ALERGINE TABLET SALUT",DUS,"Produk jadi",203,ETIKAL
IN6317BRG0003,TD,IN6317,2023-01-22,CUST55522,BRG0003,10,DUS,10691,IDR,Company,"APOTEK TAPAK",CAB01,Aceh,Apotek,BRG0003,AMPICILLIN,BOTOL,"Produk jadi",210,MARCKS
IN6025BRG0004,TA,IN6025,2030-01-22,CUST55523,BRG0004,7,DUS,8701,IDR,Company,"APOTEK MAJA",CAB02,Kuningan,Apotek,BRG0004,"TRAMADOL KAPSUL 50 MG",KAPSUL,"Produk jadi",201,VNS
IN6203BRG0005,EPM,IN6203,2031-01-22,CUST55524,BRG0005,100,DUS,5648,IDR,Company,"KLINIK GM",CAB03,Jakarta,Klinik,BRG0005,"KLORPROMAZINA TABLET SALUT SELAPUT 100 MG",TABLET,"Produk jadi",203,SLCYL
IN6243BRG0006,TD,IN6243,2001-02-22,CUST55525,BRG0006,67,DUS,2819,IDR,Company,"APOTEK MERDEKA",CAB04,Bandung,Apotek,BRG0006,"KETOCONAZOLE TABLET 200 MG",TABLET,"Produk jadi",205,"OGB & PH"
IN6136BRG0001,TD,IN6136,2027-01-22,CUST55526,BRG0001,78,DUS,4592,IDR,Company,"KLINIK SAHABAT",CAB05,Tangerang,Klinik,BRG0001,"ACYCLOVIR DUS",DUS,"Produk jadi",206,"OGB & PH"
IN6314BRG0002,TA,IN6314,2028-01-22,CUST55527,BRG0002,45,DUS,3992,IDR,Company,"APOTEK SINAR JAYA",CAB06,Bekasi,Apotek,BRG0002,"ALERGINE TABLET SALUT",DUS,"Produk jadi",203,ETIKAL
IN6202BRG0003,EPM,IN6202,2023-01-22,CUST55528,BRG0003,34,DUS,5781,IDR,Company,"APOTEK SAHABAT",CAB07,Padang,Apotek,BRG0003,AMPICILLIN,BOTOL,"Produk jadi",210,MARCKS
IN6279BRG0004,TD,IN6279,2030-01-22,CUST55529,BRG0004,20,DUS,6940,IDR,Company,"KLINIK DR. ANDRI",CAB08,Lampung,Klinik,BRG0004,"TRAMADOL KAPSUL 50 MG",KAPSUL,"Produk jadi",201,VNS
IN6196BRG0001,TA,IN6196,2031-01-22,CUST55530,BRG0001,45,DUS,1170,IDR,Company,"APOTEK TAPAK",CAB01,Aceh,Apotek,BRG0001,"ACYCLOVIR DUS",DUS,"Produk jadi",206,"OGB & PH"
IN6266BRG0002,EPM,IN6266,2001-02-22,CUST55531,BRG0002,34,DUS,2338,IDR,Company,"APOTEK MAJA",CAB02,Kuningan,Apotek,BRG0002,"ALERGINE TABLET SALUT",DUS,"Produk jadi",203,ETIKAL
IN6058BRG0003,TD,IN6058,2027-01-22,CUST55532,BRG0003,34,DUS,10691,IDR,Company,"KLINIK GM",CAB03,Jakarta,Klinik,BRG0003,AMPICILLIN,BOTOL,"Produk jadi",210,MARCKS
IN6246BRG0004,TA,IN6246,2028-01-22,CUST55533,BRG0004,34,DUS,8701,IDR,Company,"APOTEK MERDEKA",CAB04,Bandung,Apotek,BRG0004,"TRAMADOL KAPSUL 50 MG",KAPSUL,"Produk jadi",201,VNS
IN6242BRG0005,EPM,IN6242,2023-01-22,CUST55534,BRG0005,44,DUS,5648,IDR,Company,"KLINIK SAHABAT",CAB05,Tangerang,Klinik,BRG0005,"KLORPROMAZINA TABLET SALUT SELAPUT 100 MG",TABLET,"Produk jadi",203,SLCYL
IN5982BRG0006,TD,IN5982,2030-01-22,CUST55535,BRG0006,5,DUS,2819,IDR,Company,"APOTEK SINAR JAYA",CAB06,Bekasi,Apotek,BRG0006,"KETOCONAZOLE TABLET 200 MG",TABLET,"Produk jadi",205,"OGB & PH"
IN6068BRG0007,TD,IN6068,2031-01-22,CUST55536,BRG0007,6,DUS,4592,IDR,Company,"APOTEK SAHABAT",CAB07,Padang,Apotek,BRG0007,"ERGOTAMINE COFFEINE",BOTOL,"Produk jadi",206,ETIKAL
IN6128BRG0008,TA,IN6128,2001-02-22,CUST55537,BRG0008,79,DUS,3992,IDR,Company,"APOTEK TAPAK",CAB01,Aceh,Apotek,BRG0008,"TETRACYCLINE KAPSUL 250 MG",KAPSUL,"Produk jadi",204,MARCKS
IN6066BRG0009,EPM,IN6066,2027-01-22,CUST55538,BRG0009,12,DUS,5781,IDR,Company,"APOTEK MAJA",CAB02,Kuningan,Apotek,BRG0009,"AMBROXOL HC",BOTOL,"Produk jadi",207,VNS
IN6303BRG0010,TD,IN6303,2028-01-22,CUST55539,BRG0010,95,DUS,6940,IDR,Company,"KLINIK GM",CAB03,Jakarta,Klinik,BRG0010,PARACETAMOL,BOTOL,"Produk jadi",208,SLCYL
IN6284BRG0001,TA,IN6284,2023-01-22,CUST55540,BRG0001,76,DUS,1170,IDR,Company,"APOTEK MERDEKA",CAB04,Bandung,Apotek,BRG0001,"ACYCLOVIR DUS",DUS,"Produk jadi",206,"OGB & PH"
IN6240BRG0002,EPM,IN6240,2030-01-22,CUST55541,BRG0002,48,DUS,2338,IDR,Company,"KLINIK SAHABAT",CAB05,Tangerang,Klinik,BRG0002,"ALERGINE TABLET SALUT",DUS,"Produk jadi",203,ETIKAL
IN6244BRG0003,TD,IN6244,2031-01-22,CUST55542,BRG0003,21,DUS,10691,IDR,Company,"APOTEK SINAR JAYA",CAB06,Bekasi,Apotek,BRG0003,AMPICILLIN,BOTOL,"Produk jadi",210,MARCKS
IN6060BRG0004,TD,IN6060,2001-02-22,CUST55543,BRG0004,22,DUS,8701,IDR,Company,"APOTEK SAHABAT",CAB07,Padang,Apotek,BRG0004,"TRAMADOL KAPSUL 50 MG",KAPSUL,"Produk jadi",201,VNS
IN6254BRG0005,TA,IN6254,2002-02-22,CUST55544,BRG0005,12,DUS,5648,IDR,Company,"KLINIK DR. ANDRI",CAB08,Lampung,Klinik,BRG0005,"KLORPROMAZINA TABLET SALUT SELAPUT 100 MG",TABLET,"Produk jadi",203,SLCYL
IN6171BRG0006,EPM,IN6171,2003-02-22,CUST55545,BRG0006,25,DUS,2819,IDR,Company,"APOTEK TAPAK",CAB01,Aceh,Apotek,BRG0006,"KETOCONAZOLE TABLET 200 MG",TABLET,"Produk jadi",205,"OGB & PH"
IN6002BRG0007,TD,IN6002,2004-02-22,CUST55546,BRG0007,14,DUS,4592,IDR,Company,"APOTEK MAJA",CAB02,Kuningan,Apotek,BRG0007,"ERGOTAMINE COFFEINE",BOTOL,"Produk jadi",206,ETIKAL
IN6261BRG0008,TA,IN6261,2005-02-22,CUST55547,BRG0008,24,DUS,3992,IDR,Company,"KLINIK GM",CAB03,Jakarta,Klinik,BRG0008,"TETRACYCLINE KAPSUL 250 MG",KAPSUL,"Produk jadi",204,MARCKS
IN6088BRG0009,EPM,IN6088,2006-02-22,CUST55548,BRG0009,10,DUS,5781,IDR,Company,"APOTEK MERDEKA",CAB04,Bandung,Apotek,BRG0009,"AMBROXOL HC",BOTOL,"Produk jadi",207,VNS
IN6181BRG0010,TD,IN6181,2007-02-22,CUST55549,BRG0010,130,DUS,6940,IDR,Company,"KLINIK SAHABAT",CAB05,Tangerang,Klinik,BRG0010,PARACETAMOL,BOTOL,"Produk jadi",208,SLCYL
IN6135BRG0001,TA,IN6135,2008-02-22,CUST55550,BRG0001,12,DUS,1170,IDR,Company,"APOTEK SINAR JAYA",CAB06,Bekasi,Apotek,BRG0001,"ACYCLOVIR DUS",DUS,"Produk jadi",206,"OGB & PH"
IN5988BRG0002,EPM,IN5988,2009-02-22,CUST55551,BRG0002,10,DUS,2338,IDR,Company,"APOTEK SAHABAT",CAB07,Padang,Apotek,BRG0002,"ALERGINE TABLET SALUT",DUS,"Produk jadi",203,ETIKAL
IN6234BRG0003,TD,IN6234,2010-02-22,CUST55552,BRG0003,67,DUS,10691,IDR,Company,"APOTEK TAPAK",CAB01,Aceh,Apotek,BRG0003,AMPICILLIN,BOTOL,"Produk jadi",210,MARCKS
IN6319BRG0004,TD,IN6319,2011-02-22,CUST55553,BRG0004,98,DUS,8701,IDR,Company,"APOTEK MAJA",CAB02,Kuningan,Apotek,BRG0004,"TRAMADOL KAPSUL 50 MG",KAPSUL,"Produk jadi",201,VNS
IN6006BRG0005,TA,IN6006,2012-02-22,CUST55554,BRG0005,5,DUS,5648,IDR,Company,"KLINIK GM",CAB03,Jakarta,Klinik,BRG0005,"KLORPROMAZINA TABLET SALUT SELAPUT 100 MG",TABLET,"Produk jadi",203,SLCYL
IN6147BRG0006,EPM,IN6147,2013-02-22,CUST55555,BRG0006,4,DUS,2819,IDR,Company,"APOTEK MERDEKA",CAB04,Bandung,Apotek,BRG0006,"KETOCONAZOLE TABLET 200 MG",TABLET,"Produk jadi",205,"OGB & PH"
IN6129BRG0001,TD,IN6129,2014-02-22,CUST55556,BRG0001,8,DUS,4592,IDR,Company,"KLINIK SAHABAT",CAB05,Tangerang,Klinik,BRG0001,"ACYCLOVIR DUS",DUS,"Produk jadi",206,"OGB & PH"
IN5986BRG0002,TA,IN5986,2015-02-22,CUST55557,BRG0002,9,DUS,3992,IDR,Company,"APOTEK SINAR JAYA",CAB06,Bekasi,Apotek,BRG0002,"ALERGINE TABLET SALUT",DUS,"Produk jadi",203,ETIKAL
IN6026BRG0003,EPM,IN6026,2016-02-22,CUST55558,BRG0003,21,DUS,5781,IDR,Company,"APOTEK SAHABAT",CAB07,Padang,Apotek,BRG0003,AMPICILLIN,BOTOL,"Produk jadi",210,MARCKS
IN6224BRG0004,TD,IN6224,2017-02-22,CUST55559,BRG0004,22,DUS,6940,IDR,Company,"KLINIK DR. ANDRI",CAB08,Lampung,Klinik,BRG0004,"TRAMADOL KAPSUL 50 MG",KAPSUL,"Produk jadi",201,VNS
IN6087BRG0001,TA,IN6087,2018-02-22,CUST55560,BRG0001,12,DUS,1170,IDR,Company,"APOTEK TAPAK",CAB01,Aceh,Apotek,BRG0001,"ACYCLOVIR DUS",DUS,"Produk jadi",206,"OGB & PH"
IN6096BRG0002,EPM,IN6096,2019-02-22,CUST55561,BRG0002,25,DUS,2338,IDR,Company,"APOTEK MAJA",CAB02,Kuningan,Apotek,BRG0002,"ALERGINE TABLET SALUT",DUS,"Produk jadi",203,ETIKAL
IN6034BRG0003,TD,IN6034,2020-02-22,CUST55562,BRG0003,14,DUS,10691,IDR,Company,"KLINIK GM",CAB03,Jakarta,Klinik,BRG0003,AMPICILLIN,BOTOL,"Produk jadi",210,MARCKS
IN6231BRG0004,TD,IN6231,2021-02-22,CUST55563,BRG0004,24,DUS,8701,IDR,Company,"APOTEK MERDEKA",CAB04,Bandung,Apotek,BRG0004,"TRAMADOL KAPSUL 50 MG",KAPSUL,"Produk jadi",201,VNS
IN6260BRG0005,TA,IN6260,2022-02-22,CUST55564,BRG0005,10,DUS,5648,IDR,Company,"KLINIK SAHABAT",CAB05,Tangerang,Klinik,BRG0005,"KLORPROMAZINA TABLET SALUT SELAPUT 100 MG",TABLET,"Produk jadi",203,SLCYL
IN6302BRG0006,EPM,IN6302,2023-02-22,CUST55565,BRG0006,120,DUS,2819,IDR,Company,"APOTEK SINAR JAYA",CAB06,Bekasi,Apotek,BRG0006,"KETOCONAZOLE TABLET 200 MG",TABLET,"Produk jadi",205,"OGB & PH"
IN6061BRG0007,TD,IN6061,2024-02-22,CUST55566,BRG0007,12,DUS,4592,IDR,Company,"APOTEK SAHABAT",CAB07,Padang,Apotek,BRG0007,"ERGOTAMINE COFFEINE",BOTOL,"Produk jadi",206,ETIKAL
IN6011BRG0008,TA,IN6011,2025-02-22,CUST55567,BRG0008,10,DUS,3992,IDR,Company,"APOTEK TAPAK",CAB01,Aceh,Apotek,BRG0008,"TETRACYCLINE KAPSUL 250 MG",KAPSUL,"Produk jadi",204,MARCKS
IN6275BRG0009,EPM,IN6275,2026-02-22,CUST55568,BRG0009,67,DUS,5781,IDR,Company,"APOTEK MAJA",CAB02,Kuningan,Apotek,BRG0009,"AMBROXOL HC",BOTOL,"Produk jadi",207,VNS
IN6114BRG0010,TD,IN6114,2027-02-22,CUST55569,BRG0010,98,DUS,6940,IDR,Company,"KLINIK GM",CAB03,Jakarta,Klinik,BRG0010,PARACETAMOL,BOTOL,"Produk jadi",208,SLCYL
IN6041BRG0001,TD,IN6041,2028-02-22,CUST55570,BRG0001,5,DUS,1170,IDR,Company,"APOTEK MERDEKA",CAB04,Bandung,Apotek,BRG0001,"ACYCLOVIR DUS",DUS,"Produk jadi",206,"OGB & PH"
IN6069BRG0002,TA,IN6069,2001-03-22,CUST55571,BRG0002,4,DUS,2338,IDR,Company,"KLINIK SAHABAT",CAB05,Tangerang,Klinik,BRG0002,"ALERGINE TABLET SALUT",DUS,"Produk jadi",203,ETIKAL
IN6239BRG0003,EPM,IN6239,2002-03-22,CUST55572,BRG0003,8,DUS,10691,IDR,Company,"APOTEK SINAR JAYA",CAB06,Bekasi,Apotek,BRG0003,AMPICILLIN,BOTOL,"Produk jadi",210,MARCKS
IN6137BRG0004,TD,IN6137,2003-03-22,CUST55573,BRG0004,9,DUS,8701,IDR,Company,"APOTEK SAHABAT",CAB07,Padang,Apotek,BRG0004,"TRAMADOL KAPSUL 50 MG",KAPSUL,"Produk jadi",201,VNS
IN6189BRG0005,TA,IN6189,2004-03-22,CUST55574,BRG0005,1,DUS,5648,IDR,Company,"KLINIK DR. ANDRI",CAB08,Lampung,Klinik,BRG0005,"KLORPROMAZINA TABLET SALUT SELAPUT 100 MG",TABLET,"Produk jadi",203,SLCYL
IN6229BRG0006,EPM,IN6229,2005-03-22,CUST55575,BRG0006,5,DUS,2819,IDR,Company,"APOTEK TAPAK",CAB01,Aceh,Apotek,BRG0006,"KETOCONAZOLE TABLET 200 MG",TABLET,"Produk jadi",205,"OGB & PH"
IN6110BRG0007,TD,IN6110,2006-03-22,CUST55576,BRG0007,9,DUS,4592,IDR,Company,"APOTEK MAJA",CAB02,Kuningan,Apotek,BRG0007,"ERGOTAMINE COFFEINE",BOTOL,"Produk jadi",206,ETIKAL
IN6182BRG0008,TA,IN6182,2007-03-22,CUST55577,BRG0008,13,DUS,3992,IDR,Company,"KLINIK GM",CAB03,Jakarta,Klinik,BRG0008,"TETRACYCLINE KAPSUL 250 MG",KAPSUL,"Produk jadi",204,MARCKS
IN6164BRG0009,EPM,IN6164,2008-03-22,CUST55578,BRG0009,1,DUS,5781,IDR,Company,"APOTEK MERDEKA",CAB04,Bandung,Apotek,BRG0009,"AMBROXOL HC",BOTOL,"Produk jadi",207,VNS
IN6016BRG0010,TD,IN6016,2009-03-22,CUST55579,BRG0010,5,DUS,6940,IDR,Company,"KLINIK SAHABAT",CAB05,Tangerang,Klinik,BRG0010,PARACETAMOL,BOTOL,"Produk jadi",208,SLCYL
IN6043BRG0001,TD,IN6043,2010-03-22,CUST55580,BRG0001,9,DUS,1170,IDR,Company,"APOTEK SINAR JAYA",CAB06,Bekasi,Apotek,BRG0001,"ACYCLOVIR DUS",DUS,"Produk jadi",206,"OGB & PH"
IN6020BRG0002,TA,IN6020,2011-03-22,CUST55581,BRG0002,1,DUS,2338,IDR,Company,"APOTEK SAHABAT",CAB07,Padang,Apotek,BRG0002,"ALERGINE TABLET SALUT",DUS,"Produk jadi",203,ETIKAL
IN6206BRG0003,EPM,IN6206,2012-03-22,CUST55582,BRG0003,23,DUS,10691,IDR,Company,"APOTEK TAPAK",CAB01,Aceh,Apotek,BRG0003,AMPICILLIN,BOTOL,"Produk jadi",210,MARCKS
IN6055BRG0004,TD,IN6055,2013-03-22,CUST55583,BRG0004,4,DUS,8701,IDR,Company,"APOTEK MAJA",CAB02,Kuningan,Apotek,BRG0004,"TRAMADOL KAPSUL 50 MG",KAPSUL,"Produk jadi",201,VNS
IN6092BRG0005,TA,IN6092,2014-03-22,CUST55584,BRG0005,2,DUS,5648,IDR,Company,"KLINIK GM",CAB03,Jakarta,Klinik,BRG0005,"KLORPROMAZINA TABLET SALUT SELAPUT 100 MG",TABLET,"Produk jadi",203,SLCYL
IN6177BRG0006,EPM,IN6177,2015-03-22,CUST55585,BRG0006,17,DUS,2819,IDR,Company,"APOTEK MERDEKA",CAB04,Bandung,Apotek,BRG0006,"KETOCONAZOLE TABLET 200 MG",TABLET,"Produk jadi",205,"OGB & PH"
IN6209BRG0001,TD,IN6209,2016-03-22,CUST55586,BRG0001,11,DUS,4592,IDR,Company,"KLINIK SAHABAT",CAB05,Tangerang,Klinik,BRG0001,"ACYCLOVIR DUS",DUS,"Produk jadi",206,"OGB & PH"
IN6250BRG0002,TA,IN6250,2017-03-22,CUST55587,BRG0002,12,DUS,3992,IDR,Company,"APOTEK SINAR JAYA",CAB06,Bekasi,Apotek,BRG0002,"ALERGINE TABLET SALUT",DUS,"Produk jadi",203,ETIKAL
IN6193BRG0003,EPM,IN6193,2018-03-22,CUST55588,BRG0003,12,DUS,5781,IDR,Company,"APOTEK SAHABAT",CAB07,Padang,Apotek,BRG0003,AMPICILLIN,BOTOL,"Produk jadi",210,MARCKS
IN6081BRG0004,TD,IN6081,2019-03-22,CUST55589,BRG0004,25,DUS,6940,IDR,Company,"KLINIK DR. ANDRI",CAB08,Lampung,Klinik,BRG0004,"TRAMADOL KAPSUL 50 MG",KAPSUL,"Produk jadi",201,VNS
IN6149BRG0001,TD,IN6149,2020-03-22,CUST55590,BRG0001,14,DUS,1170,IDR,Company,"APOTEK TAPAK",CAB01,Aceh,Apotek,BRG0001,"ACYCLOVIR DUS",DUS,"Produk jadi",206,"OGB & PH"
IN6014BRG0002,TA,IN6014,2021-03-22,CUST55591,BRG0002,34,DUS,2338,IDR,Company,"APOTEK MAJA",CAB02,Kuningan,Apotek,BRG0002,"ALERGINE TABLET SALUT",DUS,"Produk jadi",203,ETIKAL
IN6290BRG0003,EPM,IN6290,2022-03-22,CUST55592,BRG0003,67,DUS,10691,IDR,Company,"KLINIK GM",CAB03,Jakarta,Klinik,BRG0003,AMPICILLIN,BOTOL,"Produk jadi",210,MARCKS
IN6051BRG0004,TD,IN6051,2023-03-22,CUST55593,BRG0004,15,DUS,8701,IDR,Company,"APOTEK MERDEKA",CAB04,Bandung,Apotek,BRG0004,"TRAMADOL KAPSUL 50 MG",KAPSUL,"Produk jadi",201,VNS
IN6076BRG0005,TA,IN6076,2024-03-22,CUST55594,BRG0005,12,DUS,5648,IDR,Company,"KLINIK SAHABAT",CAB05,Tangerang,Klinik,BRG0005,"KLORPROMAZINA TABLET SALUT SELAPUT 100 MG",TABLET,"Produk jadi",203,SLCYL
IN6140BRG0006,EPM,IN6140,2025-03-22,CUST55595,BRG0006,25,DUS,2819,IDR,Company,"APOTEK SINAR JAYA",CAB06,Bekasi,Apotek,BRG0006,"KETOCONAZOLE TABLET 200 MG",TABLET,"Produk jadi",205,"OGB & PH"
IN6080BRG0007,TD,IN6080,2026-03-22,CUST55596,BRG0007,14,DUS,4592,IDR,Company,"APOTEK SAHABAT",CAB07,Padang,Apotek,BRG0007,"ERGOTAMINE COFFEINE",BOTOL,"Produk jadi",206,ETIKAL
IN6153BRG0008,TD,IN6153,2027-03-22,CUST55597,BRG0008,18,DUS,3992,IDR,Company,"APOTEK TAPAK",CAB01,Aceh,Apotek,BRG0008,"TETRACYCLINE KAPSUL 250 MG",KAPSUL,"Produk jadi",204,MARCKS
IN5979BRG0009,TA,IN5979,2028-03-22,CUST55598,BRG0009,18,DUS,5781,IDR,Company,"APOTEK MAJA",CAB02,Kuningan,Apotek,BRG0009,"AMBROXOL HC",BOTOL,"Produk jadi",207,VNS
IN6098BRG0010,EPM,IN6098,2029-03-22,CUST55599,BRG0010,19,DUS,6940,IDR,Company,"KLINIK GM",CAB03,Jakarta,Klinik,BRG0010,PARACETAMOL,BOTOL,"Produk jadi",208,SLCYL
IN6078BRG0001,TD,IN6078,2030-03-22,CUST55600,BRG0001,12,DUS,1170,IDR,Company,"APOTEK MERDEKA",CAB04,Bandung,Apotek,BRG0001,"ACYCLOVIR DUS",DUS,"Produk jadi",206,"OGB & PH"
IN6085BRG0002,TA,IN6085,2031-03-22,CUST55601,BRG0002,25,DUS,2338,IDR,Company,"KLINIK SAHABAT",CAB05,Tangerang,Klinik,BRG0002,"ALERGINE TABLET SALUT",DUS,"Produk jadi",203,ETIKAL
IN6018BRG0003,EPM,IN6018,2001-04-22,CUST55602,BRG0003,14,DUS,10691,IDR,Company,"APOTEK SINAR JAYA",CAB06,Bekasi,Apotek,BRG0003,AMPICILLIN,BOTOL,"Produk jadi",210,MARCKS
IN6001BRG0004,TD,IN6001,2002-04-22,CUST55603,BRG0004,21,DUS,8701,IDR,Company,"APOTEK SAHABAT",CAB07,Padang,Apotek,BRG0004,"TRAMADOL KAPSUL 50 MG",KAPSUL,"Produk jadi",201,VNS
IN6271BRG0005,TA,IN6271,2003-04-22,CUST55604,BRG0005,22,DUS,5648,IDR,Company,"KLINIK DR. ANDRI",CAB08,Lampung,Klinik,BRG0005,"KLORPROMAZINA TABLET SALUT SELAPUT 100 MG",TABLET,"Produk jadi",203,SLCYL
IN6207BRG0006,EPM,IN6207,2004-04-22,CUST55605,BRG0006,12,DUS,2819,IDR,Company,"APOTEK TAPAK",CAB01,Aceh,Apotek,BRG0006,"KETOCONAZOLE TABLET 200 MG",TABLET,"Produk jadi",205,"OGB & PH"
IN6187BRG0007,TD,IN6187,2005-04-22,CUST55606,BRG0007,25,DUS,4592,IDR,Company,"APOTEK MAJA",CAB02,Kuningan,Apotek,BRG0007,"ERGOTAMINE COFFEINE",BOTOL,"Produk jadi",206,ETIKAL
IN5995BRG0008,TD,IN5995,2006-04-22,CUST55607,BRG0008,14,DUS,3992,IDR,Company,"KLINIK GM",CAB03,Jakarta,Klinik,BRG0008,"TETRACYCLINE KAPSUL 250 MG",KAPSUL,"Produk jadi",204,MARCKS
IN6156BRG0009,TA,IN6156,2007-04-22,CUST55608,BRG0009,24,DUS,5781,IDR,Company,"APOTEK MERDEKA",CAB04,Bandung,Apotek,BRG0009,"AMBROXOL HC",BOTOL,"Produk jadi",207,VNS
IN6232BRG0010,EPM,IN6232,2008-04-22,CUST55609,BRG0010,10,DUS,6940,IDR,Company,"KLINIK SAHABAT",CAB05,Tangerang,Klinik,BRG0010,PARACETAMOL,BOTOL,"Produk jadi",208,SLCYL
IN5998BRG0001,TD,IN5998,2009-04-22,CUST55610,BRG0001,23,DUS,1170,IDR,Company,"APOTEK SINAR JAYA",CAB06,Bekasi,Apotek,BRG0001,"ACYCLOVIR DUS",DUS,"Produk jadi",206,"OGB & PH"
IN6227BRG0002,TA,IN6227,2010-04-22,CUST55611,BRG0002,12,DUS,2338,IDR,Company,"APOTEK SAHABAT",CAB07,Padang,Apotek,BRG0002,"ALERGINE TABLET SALUT",DUS,"Produk jadi",203,ETIKAL
IN6027BRG0003,EPM,IN6027,2011-04-22,CUST55612,BRG0003,10,DUS,10691,IDR,Company,"APOTEK TAPAK",CAB01,Aceh,Apotek,BRG0003,AMPICILLIN,BOTOL,"Produk jadi",210,MARCKS
IN6157BRG0004,TD,IN6157,2012-04-22,CUST55613,BRG0004,67,DUS,8701,IDR,Company,"APOTEK MAJA",CAB02,Kuningan,Apotek,BRG0004,"TRAMADOL KAPSUL 50 MG",KAPSUL,"Produk jadi",201,VNS
IN6180BRG0005,TA,IN6180,2013-04-22,CUST55614,BRG0005,98,DUS,5648,IDR,Company,"KLINIK GM",CAB03,Jakarta,Klinik,BRG0005,"KLORPROMAZINA TABLET SALUT SELAPUT 100 MG",TABLET,"Produk jadi",203,SLCYL
IN6257BRG0006,EPM,IN6257,2014-04-22,CUST55615,BRG0006,5,DUS,2819,IDR,Company,"APOTEK MERDEKA",CAB04,Bandung,Apotek,BRG0006,"KETOCONAZOLE TABLET 200 MG",TABLET,"Produk jadi",205,"OGB & PH"
IN6031BRG0001,TD,IN6031,2015-04-22,CUST55616,BRG0001,4,DUS,4592,IDR,Company,"KLINIK SAHABAT",CAB05,Tangerang,Klinik,BRG0001,"ACYCLOVIR DUS",DUS,"Produk jadi",206,"OGB & PH"
IN6082BRG0002,TD,IN6082,2016-04-22,CUST55617,BRG0002,8,DUS,3992,IDR,Company,"APOTEK SINAR JAYA",CAB06,Bekasi,Apotek,BRG0002,"ALERGINE TABLET SALUT",DUS,"Produk jadi",203,ETIKAL
IN6174BRG0003,TA,IN6174,2017-04-22,CUST55618,BRG0003,9,DUS,5781,IDR,Company,"APOTEK SAHABAT",CAB07,Padang,Apotek,BRG0003,AMPICILLIN,BOTOL,"Produk jadi",210,MARCKS
IN6237BRG0004,EPM,IN6237,2018-04-22,CUST55619,BRG0004,10,DUS,6940,IDR,Company,"KLINIK DR. ANDRI",CAB08,Lampung,Klinik,BRG0004,"TRAMADOL KAPSUL 50 MG",KAPSUL,"Produk jadi",201,VNS
IN6021BRG0001,TD,IN6021,2019-04-22,CUST55620,BRG0001,7,DUS,1170,IDR,Company,"APOTEK TAPAK",CAB01,Aceh,Apotek,BRG0001,"ACYCLOVIR DUS",DUS,"Produk jadi",206,"OGB & PH"
IN6056BRG0002,TA,IN6056,2020-04-22,CUST55621,BRG0002,100,DUS,2338,IDR,Company,"APOTEK MAJA",CAB02,Kuningan,Apotek,BRG0002,"ALERGINE TABLET SALUT",DUS,"Produk jadi",203,ETIKAL
IN5983BRG0003,EPM,IN5983,2021-04-22,CUST55622,BRG0003,67,DUS,10691,IDR,Company,"KLINIK GM",CAB03,Jakarta,Klinik,BRG0003,AMPICILLIN,BOTOL,"Produk jadi",210,MARCKS
IN6139BRG0004,TD,IN6139,2022-04-22,CUST55623,BRG0004,78,DUS,8701,IDR,Company,"APOTEK MERDEKA",CAB04,Bandung,Apotek,BRG0004,"TRAMADOL KAPSUL 50 MG",KAPSUL,"Produk jadi",201,VNS
IN6126BRG0005,TD,IN6126,2023-04-22,CUST55624,BRG0005,45,DUS,5648,IDR,Company,"KLINIK SAHABAT",CAB05,Tangerang,Klinik,BRG0005,"KLORPROMAZINA TABLET SALUT SELAPUT 100 MG",TABLET,"Produk jadi",203,SLCYL
IN6127BRG0006,TA,IN6127,2024-04-22,CUST55625,BRG0006,34,DUS,2819,IDR,Company,"APOTEK SINAR JAYA",CAB06,Bekasi,Apotek,BRG0006,"KETOCONAZOLE TABLET 200 MG",TABLET,"Produk jadi",205,"OGB & PH"
IN6035BRG0007,EPM,IN6035,2025-04-22,CUST55626,BRG0007,20,DUS,4592,IDR,Company,"APOTEK SAHABAT",CAB07,Padang,Apotek,BRG0007,"ERGOTAMINE COFFEINE",BOTOL,"Produk jadi",206,ETIKAL
IN6309BRG0008,TD,IN6309,2026-04-22,CUST55627,BRG0008,45,DUS,3992,IDR,Company,"APOTEK TAPAK",CAB01,Aceh,Apotek,BRG0008,"TETRACYCLINE KAPSUL 250 MG",KAPSUL,"Produk jadi",204,MARCKS
IN6073BRG0009,TA,IN6073,2027-04-22,CUST55628,BRG0009,34,DUS,5781,IDR,Company,"APOTEK MAJA",CAB02,Kuningan,Apotek,BRG0009,"AMBROXOL HC",BOTOL,"Produk jadi",207,VNS
IN6277BRG0010,EPM,IN6277,2028-04-22,CUST55629,BRG0010,34,DUS,6940,IDR,Company,"KLINIK GM",CAB03,Jakarta,Klinik,BRG0010,PARACETAMOL,BOTOL,"Produk jadi",208,SLCYL
IN6197BRG0001,TD,IN6197,2029-04-22,CUST55630,BRG0001,34,DUS,1170,IDR,Company,"APOTEK MERDEKA",CAB04,Bandung,Apotek,BRG0001,"ACYCLOVIR DUS",DUS,"Produk jadi",206,"OGB & PH"
IN6225BRG0002,TA,IN6225,2030-04-22,CUST55631,BRG0002,44,DUS,2338,IDR,Company,"KLINIK SAHABAT",CAB05,Tangerang,Klinik,BRG0002,"ALERGINE TABLET SALUT",DUS,"Produk jadi",203,ETIKAL
IN5999BRG0003,EPM,IN5999,2001-05-22,CUST55632,BRG0003,5,DUS,10691,IDR,Company,"APOTEK SINAR JAYA",CAB06,Bekasi,Apotek,BRG0003,AMPICILLIN,BOTOL,"Produk jadi",210,MARCKS
IN6223BRG0004,TD,IN6223,2002-05-22,CUST55633,BRG0004,6,DUS,8701,IDR,Company,"APOTEK SAHABAT",CAB07,Padang,Apotek,BRG0004,"TRAMADOL KAPSUL 50 MG",KAPSUL,"Produk jadi",201,VNS
IN6273BRG0005,TD,IN6273,2003-05-22,CUST55634,BRG0005,79,DUS,5648,IDR,Company,"KLINIK DR. ANDRI",CAB08,Lampung,Klinik,BRG0005,"KLORPROMAZINA TABLET SALUT SELAPUT 100 MG",TABLET,"Produk jadi",203,SLCYL
IN6047BRG0006,TA,IN6047,2026-04-22,CUST55635,BRG0006,12,DUS,2819,IDR,Company,"APOTEK TAPAK",CAB01,Aceh,Apotek,BRG0006,"KETOCONAZOLE TABLET 200 MG",TABLET,"Produk jadi",205,"OGB & PH"
IN6071BRG0007,EPM,IN6071,2027-04-22,CUST55636,BRG0007,95,DUS,4592,IDR,Company,"APOTEK MAJA",CAB02,Kuningan,Apotek,BRG0007,"ERGOTAMINE COFFEINE",BOTOL,"Produk jadi",206,ETIKAL
IN6009BRG0008,TD,IN6009,2028-04-22,CUST55637,BRG0008,76,DUS,3992,IDR,Company,"KLINIK GM",CAB03,Jakarta,Klinik,BRG0008,"TETRACYCLINE KAPSUL 250 MG",KAPSUL,"Produk jadi",204,MARCKS
IN6075BRG0009,TA,IN6075,2016-04-22,CUST55638,BRG0009,48,DUS,5781,IDR,Company,"APOTEK MERDEKA",CAB04,Bandung,Apotek,BRG0009,"AMBROXOL HC",BOTOL,"Produk jadi",207,VNS
IN6218BRG0010,EPM,IN6218,2017-04-22,CUST55639,BRG0010,21,DUS,6940,IDR,Company,"KLINIK SAHABAT",CAB05,Tangerang,Klinik,BRG0010,PARACETAMOL,BOTOL,"Produk jadi",208,SLCYL
IN5985BRG0001,TD,IN5985,2018-04-22,CUST55640,BRG0001,22,DUS,1170,IDR,Company,"APOTEK SINAR JAYA",CAB06,Bekasi,Apotek,BRG0001,"ACYCLOVIR DUS",DUS,"Produk jadi",206,"OGB & PH"
IN6154BRG0002,TA,IN6154,2019-04-22,CUST55641,BRG0002,12,DUS,2338,IDR,Company,"APOTEK SAHABAT",CAB07,Padang,Apotek,BRG0002,"ALERGINE TABLET SALUT",DUS,"Produk jadi",203,ETIKAL
IN6145BRG0003,EPM,IN6145,2020-04-22,CUST55642,BRG0003,25,DUS,10691,IDR,Company,"APOTEK TAPAK",CAB01,Aceh,Apotek,BRG0003,AMPICILLIN,BOTOL,"Produk jadi",210,MARCKS
IN6315BRG0004,TD,IN6315,2021-04-22,CUST55643,BRG0004,14,DUS,8701,IDR,Company,"APOTEK MAJA",CAB02,Kuningan,Apotek,BRG0004,"TRAMADOL KAPSUL 50 MG",KAPSUL,"Produk jadi",201,VNS
IN6168BRG0005,TD,IN6168,2013-05-22,CUST55644,BRG0005,24,DUS,5648,IDR,Company,"KLINIK GM",CAB03,Jakarta,Klinik,BRG0005,"KLORPROMAZINA TABLET SALUT SELAPUT 100 MG",TABLET,"Produk jadi",203,SLCYL
IN6192BRG0006,TA,IN6192,2014-05-22,CUST55645,BRG0006,10,DUS,2819,IDR,Company,"APOTEK MERDEKA",CAB04,Bandung,Apotek,BRG0006,"KETOCONAZOLE TABLET 200 MG",TABLET,"Produk jadi",205,"OGB & PH"
IN6285BRG0001,EPM,IN6285,2015-05-22,CUST55646,BRG0001,130,DUS,4592,IDR,Company,"KLINIK SAHABAT",CAB05,Tangerang,Klinik,BRG0001,"ACYCLOVIR DUS",DUS,"Produk jadi",206,"OGB & PH"
IN6077BRG0002,TD,IN6077,2016-05-22,CUST55647,BRG0002,12,DUS,3992,IDR,Company,"APOTEK SINAR JAYA",CAB06,Bekasi,Apotek,BRG0002,"ALERGINE TABLET SALUT",DUS,"Produk jadi",203,ETIKAL
IN6057BRG0003,TA,IN6057,2017-05-22,CUST55648,BRG0003,10,DUS,5781,IDR,Company,"APOTEK SAHABAT",CAB07,Padang,Apotek,BRG0003,AMPICILLIN,BOTOL,"Produk jadi",210,MARCKS
IN6252BRG0004,EPM,IN6252,2018-05-22,CUST55649,BRG0004,67,DUS,6940,IDR,Company,"KLINIK DR. ANDRI",CAB08,Lampung,Klinik,BRG0004,"TRAMADOL KAPSUL 50 MG",KAPSUL,"Produk jadi",201,VNS
IN6272BRG0001,TD,IN6272,2019-05-22,CUST55650,BRG0001,98,DUS,1170,IDR,Company,"APOTEK TAPAK",CAB01,Aceh,Apotek,BRG0001,"ACYCLOVIR DUS",DUS,"Produk jadi",206,"OGB & PH"
IN6150BRG0002,TD,IN6150,2020-05-22,CUST55651,BRG0002,5,DUS,2338,IDR,Company,"APOTEK MAJA",CAB02,Kuningan,Apotek,BRG0002,"ALERGINE TABLET SALUT",DUS,"Produk jadi",203,ETIKAL
IN6298BRG0003,TA,IN6298,2021-05-22,CUST55652,BRG0003,4,DUS,10691,IDR,Company,"KLINIK GM",CAB03,Jakarta,Klinik,BRG0003,AMPICILLIN,BOTOL,"Produk jadi",210,MARCKS
IN6295BRG0004,EPM,IN6295,2022-05-22,CUST55653,BRG0004,8,DUS,8701,IDR,Company,"APOTEK MERDEKA",CAB04,Bandung,Apotek,BRG0004,"TRAMADOL KAPSUL 50 MG",KAPSUL,"Produk jadi",201,VNS
IN6022BRG0005,TD,IN6022,2023-05-22,CUST55654,BRG0005,9,DUS,5648,IDR,Company,"KLINIK SAHABAT",CAB05,Tangerang,Klinik,BRG0005,"KLORPROMAZINA TABLET SALUT SELAPUT 100 MG",TABLET,"Produk jadi",203,SLCYL
IN6090BRG0006,TA,IN6090,2024-05-22,CUST55655,BRG0006,21,DUS,2819,IDR,Company,"APOTEK SINAR JAYA",CAB06,Bekasi,Apotek,BRG0006,"KETOCONAZOLE TABLET 200 MG",TABLET,"Produk jadi",205,"OGB & PH"
IN5996BRG0007,EPM,IN5996,2025-05-22,CUST55656,BRG0007,22,DUS,4592,IDR,Company,"APOTEK SAHABAT",CAB07,Padang,Apotek,BRG0007,"ERGOTAMINE COFFEINE",BOTOL,"Produk jadi",206,ETIKAL
IN6111BRG0008,TD,IN6111,2026-05-22,CUST55657,BRG0008,12,DUS,3992,IDR,Company,"APOTEK TAPAK",CAB01,Aceh,Apotek,BRG0008,"TETRACYCLINE KAPSUL 250 MG",KAPSUL,"Produk jadi",204,MARCKS
IN6194BRG0009,TA,IN6194,2018-04-22,CUST55658,BRG0009,25,DUS,5781,IDR,Company,"APOTEK MAJA",CAB02,Kuningan,Apotek,BRG0009,"AMBROXOL HC",BOTOL,"Produk jadi",207,VNS
IN5987BRG0010,EPM,IN5987,2019-04-22,CUST55659,BRG0010,14,DUS,6940,IDR,Company,"KLINIK GM",CAB03,Jakarta,Klinik,BRG0010,PARACETAMOL,BOTOL,"Produk jadi",208,SLCYL
IN6313BRG0001,TD,IN6313,2020-04-22,CUST55660,BRG0001,24,DUS,1170,IDR,Company,"APOTEK MERDEKA",CAB04,Bandung,Apotek,BRG0001,"ACYCLOVIR DUS",DUS,"Produk jadi",206,"OGB & PH"
IN6138BRG0002,TD,IN6138,2018-04-22,CUST55661,BRG0002,10,DUS,2338,IDR,Company,"KLINIK SAHABAT",CAB05,Tangerang,Klinik,BRG0002,"ALERGINE TABLET SALUT",DUS,"Produk jadi",203,ETIKAL
IN6316BRG0003,TA,IN6316,2019-04-22,CUST55662,BRG0003,120,DUS,10691,IDR,Company,"APOTEK SINAR JAYA",CAB06,Bekasi,Apotek,BRG0003,AMPICILLIN,BOTOL,"Produk jadi",210,MARCKS
IN6019BRG0004,EPM,IN6019,2020-04-22,CUST55663,BRG0004,12,DUS,8701,IDR,Company,"APOTEK SAHABAT",CAB07,Padang,Apotek,BRG0004,"TRAMADOL KAPSUL 50 MG",KAPSUL,"Produk jadi",201,VNS
IN6283BRG0005,TD,IN6283,2019-05-22,CUST55664,BRG0005,10,DUS,5648,IDR,Company,"KLINIK DR. ANDRI",CAB08,Lampung,Klinik,BRG0005,"KLORPROMAZINA TABLET SALUT SELAPUT 100 MG",TABLET,"Produk jadi",203,SLCYL
IN6169BRG0006,TA,IN6169,2020-05-22,CUST55665,BRG0006,67,DUS,2819,IDR,Company,"APOTEK TAPAK",CAB01,Aceh,Apotek,BRG0006,"KETOCONAZOLE TABLET 200 MG",TABLET,"Produk jadi",205,"OGB & PH"
IN6121BRG0007,EPM,IN6121,2021-05-22,CUST55666,BRG0007,98,DUS,4592,IDR,Company,"APOTEK MAJA",CAB02,Kuningan,Apotek,BRG0007,"ERGOTAMINE COFFEINE",BOTOL,"Produk jadi",206,ETIKAL
IN6117BRG0008,TD,IN6117,2022-05-22,CUST55667,BRG0008,5,DUS,3992,IDR,Company,"KLINIK GM",CAB03,Jakarta,Klinik,BRG0008,"TETRACYCLINE KAPSUL 250 MG",KAPSUL,"Produk jadi",204,MARCKS
IN6201BRG0009,TA,IN6201,2023-05-22,CUST55668,BRG0009,4,DUS,5781,IDR,Company,"APOTEK MERDEKA",CAB04,Bandung,Apotek,BRG0009,"AMBROXOL HC",BOTOL,"Produk jadi",207,VNS
IN6179BRG0010,EPM,IN6179,2024-05-22,CUST55669,BRG0010,8,DUS,6940,IDR,Company,"KLINIK SAHABAT",CAB05,Tangerang,Klinik,BRG0010,PARACETAMOL,BOTOL,"Produk jadi",208,SLCYL
IN5978BRG0001,TD,IN5978,2025-05-22,CUST55670,BRG0001,9,DUS,1170,IDR,Company,"APOTEK SINAR JAYA",CAB06,Bekasi,Apotek,BRG0001,"ACYCLOVIR DUS",DUS,"Produk jadi",206,"OGB & PH"
IN5993BRG0002,TD,IN5993,2026-05-22,CUST55671,BRG0002,1,DUS,2338,IDR,Company,"APOTEK SAHABAT",CAB07,Padang,Apotek,BRG0002,"ALERGINE TABLET SALUT",DUS,"Produk jadi",203,ETIKAL
IN6160BRG0003,TA,IN6160,2027-05-22,CUST55672,BRG0003,5,DUS,10691,IDR,Company,"APOTEK TAPAK",CAB01,Aceh,Apotek,BRG0003,AMPICILLIN,BOTOL,"Produk jadi",210,MARCKS
IN6282BRG0004,EPM,IN6282,2028-05-22,CUST55673,BRG0004,9,DUS,8701,IDR,Company,"APOTEK MAJA",CAB02,Kuningan,Apotek,BRG0004,"TRAMADOL KAPSUL 50 MG",KAPSUL,"Produk jadi",201,VNS
IN6093BRG0005,TD,IN6093,2029-05-22,CUST55674,BRG0005,13,DUS,5648,IDR,Company,"KLINIK GM",CAB03,Jakarta,Klinik,BRG0005,"KLORPROMAZINA TABLET SALUT SELAPUT 100 MG",TABLET,"Produk jadi",203,SLCYL
IN6166BRG0006,TA,IN6166,2030-05-22,CUST55675,BRG0006,1,DUS,2819,IDR,Company,"APOTEK MERDEKA",CAB04,Bandung,Apotek,BRG0006,"KETOCONAZOLE TABLET 200 MG",TABLET,"Produk jadi",205,"OGB & PH"
IN6010BRG0001,EPM,IN6010,2031-05-22,CUST55676,BRG0001,5,DUS,4592,IDR,Company,"KLINIK SAHABAT",CAB05,Tangerang,Klinik,BRG0001,"ACYCLOVIR DUS",DUS,"Produk jadi",206,"OGB & PH"
IN6100BRG0002,TD,IN6100,2001-06-22,CUST55677,BRG0002,9,DUS,3992,IDR,Company,"APOTEK SINAR JAYA",CAB06,Bekasi,Apotek,BRG0002,"ALERGINE TABLET SALUT",DUS,"Produk jadi",203,ETIKAL
IN6222BRG0003,TD,IN6222,2002-06-22,CUST55678,BRG0003,1,DUS,5781,IDR,Company,"APOTEK SAHABAT",CAB07,Padang,Apotek,BRG0003,AMPICILLIN,BOTOL,"Produk jadi",210,MARCKS
IN6032BRG0004,TA,IN6032,2003-06-22,CUST55679,BRG0004,23,DUS,6940,IDR,Company,"KLINIK DR. ANDRI",CAB08,Lampung,Klinik,BRG0004,"TRAMADOL KAPSUL 50 MG",KAPSUL,"Produk jadi",201,VNS
IN6198BRG0001,EPM,IN6198,2004-06-22,CUST55680,BRG0001,4,DUS,1170,IDR,Company,"APOTEK TAPAK",CAB01,Aceh,Apotek,BRG0001,"ACYCLOVIR DUS",DUS,"Produk jadi",206,"OGB & PH"
IN6212BRG0002,TD,IN6212,2005-06-22,CUST55681,BRG0002,2,DUS,2338,IDR,Company,"APOTEK MAJA",CAB02,Kuningan,Apotek,BRG0002,"ALERGINE TABLET SALUT",DUS,"Produk jadi",203,ETIKAL
IN6288BRG0003,TA,IN6288,2006-06-22,CUST55682,BRG0003,17,DUS,10691,IDR,Company,"KLINIK GM",CAB03,Jakarta,Klinik,BRG0003,AMPICILLIN,BOTOL,"Produk jadi",210,MARCKS
IN6059BRG0004,EPM,IN6059,2007-06-22,CUST55683,BRG0004,11,DUS,8701,IDR,Company,"APOTEK MERDEKA",CAB04,Bandung,Apotek,BRG0004,"TRAMADOL KAPSUL 50 MG",KAPSUL,"Produk jadi",201,VNS
IN6236BRG0005,TD,IN6236,2008-06-22,CUST55684,BRG0005,12,DUS,5648,IDR,Company,"KLINIK SAHABAT",CAB05,Tangerang,Klinik,BRG0005,"KLORPROMAZINA TABLET SALUT SELAPUT 100 MG",TABLET,"Produk jadi",203,SLCYL
IN6296BRG0006,TA,IN6296,2009-06-22,CUST55685,BRG0006,12,DUS,2819,IDR,Company,"APOTEK SINAR JAYA",CAB06,Bekasi,Apotek,BRG0006,"KETOCONAZOLE TABLET 200 MG",TABLET,"Produk jadi",205,"OGB & PH"
IN6324BRG0007,EPM,IN6324,2010-06-22,CUST55686,BRG0007,25,DUS,4592,IDR,Company,"APOTEK SAHABAT",CAB07,Padang,Apotek,BRG0007,"ERGOTAMINE COFFEINE",BOTOL,"Produk jadi",206,ETIKAL
IN6091BRG0008,TD,IN6091,2011-06-22,CUST55687,BRG0008,14,DUS,3992,IDR,Company,"APOTEK TAPAK",CAB01,Aceh,Apotek,BRG0008,"TETRACYCLINE KAPSUL 250 MG",KAPSUL,"Produk jadi",204,MARCKS
IN6033BRG0009,TD,IN6033,2012-06-22,CUST55688,BRG0009,34,DUS,5781,IDR,Company,"APOTEK MAJA",CAB02,Kuningan,Apotek,BRG0009,"AMBROXOL HC",BOTOL,"Produk jadi",207,VNS
IN6159BRG0010,TA,IN6159,2013-06-22,CUST55689,BRG0010,67,DUS,6940,IDR,Company,"KLINIK GM",CAB03,Jakarta,Klinik,BRG0010,PARACETAMOL,BOTOL,"Produk jadi",208,SLCYL
IN6264BRG0001,EPM,IN6264,2014-06-22,CUST55690,BRG0001,15,DUS,1170,IDR,Company,"APOTEK MERDEKA",CAB04,Bandung,Apotek,BRG0001,"ACYCLOVIR DUS",DUS,"Produk jadi",206,"OGB & PH"
IN6046BRG0002,TD,IN6046,2015-06-22,CUST55691,BRG0002,12,DUS,2338,IDR,Company,"KLINIK SAHABAT",CAB05,Tangerang,Klinik,BRG0002,"ALERGINE TABLET SALUT",DUS,"Produk jadi",203,ETIKAL
IN6268BRG0003,TA,IN6268,2016-06-22,CUST55692,BRG0003,25,DUS,10691,IDR,Company,"APOTEK SINAR JAYA",CAB06,Bekasi,Apotek,BRG0003,AMPICILLIN,BOTOL,"Produk jadi",210,MARCKS
IN6310BRG0004,EPM,IN6310,2030-04-22,CUST55693,BRG0004,14,DUS,8701,IDR,Company,"APOTEK SAHABAT",CAB07,Padang,Apotek,BRG0004,"TRAMADOL KAPSUL 50 MG",KAPSUL,"Produk jadi",201,VNS
IN6044BRG0005,TD,IN6044,2001-05-22,CUST55694,BRG0005,18,DUS,5648,IDR,Company,"KLINIK DR. ANDRI",CAB08,Lampung,Klinik,BRG0005,"KLORPROMAZINA TABLET SALUT SELAPUT 100 MG",TABLET,"Produk jadi",203,SLCYL
IN6178BRG0006,TA,IN6178,2002-05-22,CUST55695,BRG0006,18,DUS,2819,IDR,Company,"APOTEK TAPAK",CAB01,Aceh,Apotek,BRG0006,"KETOCONAZOLE TABLET 200 MG",TABLET,"Produk jadi",205,"OGB & PH"
IN6270BRG0007,EPM,IN6270,2003-05-22,CUST55696,BRG0007,19,DUS,4592,IDR,Company,"APOTEK MAJA",CAB02,Kuningan,Apotek,BRG0007,"ERGOTAMINE COFFEINE",BOTOL,"Produk jadi",206,ETIKAL
IN6123BRG0008,TD,IN6123,2016-06-22,CUST55697,BRG0008,12,DUS,3992,IDR,Company,"KLINIK GM",CAB03,Jakarta,Klinik,BRG0008,"TETRACYCLINE KAPSUL 250 MG",KAPSUL,"Produk jadi",204,MARCKS
IN6265BRG0009,TD,IN6265,2030-04-22,CUST55698,BRG0009,25,DUS,5781,IDR,Company,"APOTEK MERDEKA",CAB04,Bandung,Apotek,BRG0009,"AMBROXOL HC",BOTOL,"Produk jadi",207,VNS
IN6158BRG0010,TA,IN6158,2001-05-22,CUST55699,BRG0010,14,DUS,6940,IDR,Company,"KLINIK SAHABAT",CAB05,Tangerang,Klinik,BRG0010,PARACETAMOL,BOTOL,"Produk jadi",208,SLCYL
IN6105BRG0001,EPM,IN6105,2002-05-22,CUST55700,BRG0001,21,DUS,1170,IDR,Company,"APOTEK SINAR JAYA",CAB06,Bekasi,Apotek,BRG0001,"ACYCLOVIR DUS",DUS,"Produk jadi",206,"OGB & PH"
IN6213BRG0002,TD,IN6213,2003-05-22,CUST55701,BRG0002,22,DUS,2338,IDR,Company,"APOTEK SAHABAT",CAB07,Padang,Apotek,BRG0002,"ALERGINE TABLET SALUT",DUS,"Produk jadi",203,ETIKAL
IN6109BRG0003,TA,IN6109,2016-06-22,CUST55702,BRG0003,12,DUS,10691,IDR,Company,"APOTEK TAPAK",CAB01,Aceh,Apotek,BRG0003,AMPICILLIN,BOTOL,"Produk jadi",210,MARCKS
IN6249BRG0004,EPM,IN6249,2030-04-22,CUST55703,BRG0004,25,DUS,8701,IDR,Company,"APOTEK MAJA",CAB02,Kuningan,Apotek,BRG0004,"TRAMADOL KAPSUL 50 MG",KAPSUL,"Produk jadi",201,VNS
IN6067BRG0005,TD,IN6067,2001-05-22,CUST55704,BRG0005,14,DUS,5648,IDR,Company,"KLINIK GM",CAB03,Jakarta,Klinik,BRG0005,"KLORPROMAZINA TABLET SALUT SELAPUT 100 MG",TABLET,"Produk jadi",203,SLCYL
IN6143BRG0006,TD,IN6143,2002-05-22,CUST55705,BRG0006,24,DUS,2819,IDR,Company,"APOTEK MERDEKA",CAB04,Bandung,Apotek,BRG0006,"KETOCONAZOLE TABLET 200 MG",TABLET,"Produk jadi",205,"OGB & PH"
IN5990BRG0001,TA,IN5990,2003-05-22,CUST55706,BRG0001,10,DUS,4592,IDR,Company,"KLINIK SAHABAT",CAB05,Tangerang,Klinik,BRG0001,"ACYCLOVIR DUS",DUS,"Produk jadi",206,"OGB & PH"
IN5992BRG0002,EPM,IN5992,2016-06-22,CUST55707,BRG0002,23,DUS,3992,IDR,Company,"APOTEK SINAR JAYA",CAB06,Bekasi,Apotek,BRG0002,"ALERGINE TABLET SALUT",DUS,"Produk jadi",203,ETIKAL
IN6132BRG0003,TD,IN6132,2030-04-22,CUST55708,BRG0003,12,DUS,5781,IDR,Company,"APOTEK SAHABAT",CAB07,Padang,Apotek,BRG0003,AMPICILLIN,BOTOL,"Produk jadi",210,MARCKS
IN6030BRG0004,TA,IN6030,2001-05-22,CUST55709,BRG0004,10,DUS,6940,IDR,Company,"KLINIK DR. ANDRI",CAB08,Lampung,Klinik,BRG0004,"TRAMADOL KAPSUL 50 MG",KAPSUL,"Produk jadi",201,VNS
IN6094BRG0001,EPM,IN6094,2002-05-22,CUST55710,BRG0001,67,DUS,1170,IDR,Company,"APOTEK TAPAK",CAB01,Aceh,Apotek,BRG0001,"ACYCLOVIR DUS",DUS,"Produk jadi",206,"OGB & PH"
IN6294BRG0002,TD,IN6294,2003-05-22,CUST55711,BRG0002,98,DUS,2338,IDR,Company,"APOTEK MAJA",CAB02,Kuningan,Apotek,BRG0002,"ALERGINE TABLET SALUT",DUS,"Produk jadi",203,ETIKAL
IN6012BRG0003,TA,IN6012,2016-06-22,CUST55712,BRG0003,5,DUS,10691,IDR,Company,"KLINIK GM",CAB03,Jakarta,Klinik,BRG0003,AMPICILLIN,BOTOL,"Produk jadi",210,MARCKS
IN6106BRG0004,EPM,IN6106,2030-04-22,CUST55713,BRG0004,4,DUS,8701,IDR,Company,"APOTEK MERDEKA",CAB04,Bandung,Apotek,BRG0004,"TRAMADOL KAPSUL 50 MG",KAPSUL,"Produk jadi",201,VNS
IN5984BRG0005,TD,IN5984,2001-05-22,CUST55714,BRG0005,8,DUS,5648,IDR,Company,"KLINIK SAHABAT",CAB05,Tangerang,Klinik,BRG0005,"KLORPROMAZINA TABLET SALUT SELAPUT 100 MG",TABLET,"Produk jadi",203,SLCYL
IN6007BRG0006,TD,IN6007,2002-05-22,CUST55715,BRG0006,9,DUS,2819,IDR,Company,"APOTEK SINAR JAYA",CAB06,Bekasi,Apotek,BRG0006,"KETOCONAZOLE TABLET 200 MG",TABLET,"Produk jadi",205,"OGB & PH"
IN6115BRG0007,TA,IN6115,2003-05-22,CUST55716,BRG0007,10,DUS,4592,IDR,Company,"APOTEK SAHABAT",CAB07,Padang,Apotek,BRG0007,"ERGOTAMINE COFFEINE",BOTOL,"Produk jadi",206,ETIKAL
IN6000BRG0008,EPM,IN6000,2016-06-22,CUST55717,BRG0008,7,DUS,3992,IDR,Company,"APOTEK TAPAK",CAB01,Aceh,Apotek,BRG0008,"TETRACYCLINE KAPSUL 250 MG",KAPSUL,"Produk jadi",204,MARCKS
IN6097BRG0009,TD,IN6097,2030-04-22,CUST55718,BRG0009,100,DUS,5781,IDR,Company,"APOTEK MAJA",CAB02,Kuningan,Apotek,BRG0009,"AMBROXOL HC",BOTOL,"Produk jadi",207,VNS
IN5989BRG0010,TA,IN5989,2001-05-22,CUST55719,BRG0010,67,DUS,6940,IDR,Company,"KLINIK GM",CAB03,Jakarta,Klinik,BRG0010,PARACETAMOL,BOTOL,"Produk jadi",208,SLCYL
IN6151BRG0001,EPM,IN6151,2002-05-22,CUST55720,BRG0001,78,DUS,1170,IDR,Company,"APOTEK MERDEKA",CAB04,Bandung,Apotek,BRG0001,"ACYCLOVIR DUS",DUS,"Produk jadi",206,"OGB & PH"
IN6037BRG0002,TD,IN6037,2003-05-22,CUST55721,BRG0002,45,DUS,2338,IDR,Company,"KLINIK SAHABAT",CAB05,Tangerang,Klinik,BRG0002,"ALERGINE TABLET SALUT",DUS,"Produk jadi",203,ETIKAL
IN6165BRG0003,TA,IN6165,2016-06-22,CUST55722,BRG0003,34,DUS,10691,IDR,Company,"APOTEK SINAR JAYA",CAB06,Bekasi,Apotek,BRG0003,AMPICILLIN,BOTOL,"Produk jadi",210,MARCKS
IN6101BRG0004,EPM,IN6101,2030-04-22,CUST55723,BRG0004,20,DUS,8701,IDR,Company,"APOTEK SAHABAT",CAB07,Padang,Apotek,BRG0004,"TRAMADOL KAPSUL 50 MG",KAPSUL,"Produk jadi",201,VNS
IN6142BRG0005,TD,IN6142,2001-05-22,CUST55724,BRG0005,45,DUS,5648,IDR,Company,"KLINIK DR. ANDRI",CAB08,Lampung,Klinik,BRG0005,"KLORPROMAZINA TABLET SALUT SELAPUT 100 MG",TABLET,"Produk jadi",203,SLCYL
IN6312BRG0006,TD,IN6312,2002-05-22,CUST55725,BRG0006,34,DUS,2819,IDR,Company,"APOTEK TAPAK",CAB01,Aceh,Apotek,BRG0006,"KETOCONAZOLE TABLET 200 MG",TABLET,"Produk jadi",205,"OGB & PH"
IN6112BRG0007,TA,IN6112,2003-05-22,CUST55726,BRG0007,34,DUS,4592,IDR,Company,"APOTEK MAJA",CAB02,Kuningan,Apotek,BRG0007,"ERGOTAMINE COFFEINE",BOTOL,"Produk jadi",206,ETIKAL
IN6204BRG0008,EPM,IN6204,2016-06-22,CUST55727,BRG0008,34,DUS,3992,IDR,Company,"KLINIK GM",CAB03,Jakarta,Klinik,BRG0008,"TETRACYCLINE KAPSUL 250 MG",KAPSUL,"Produk jadi",204,MARCKS
IN6304BRG0009,TD,IN6304,2030-04-22,CUST55728,BRG0009,44,DUS,5781,IDR,Company,"APOTEK MERDEKA",CAB04,Bandung,Apotek,BRG0009,"AMBROXOL HC",BOTOL,"Produk jadi",207,VNS
IN6004BRG0010,TA,IN6004,2001-05-22,CUST55729,BRG0010,5,DUS,6940,IDR,Company,"KLINIK SAHABAT",CAB05,Tangerang,Klinik,BRG0010,PARACETAMOL,BOTOL,"Produk jadi",208,SLCYL
